Amount,CBK,hour,day_of_week,card_txn_count
336.0,0,17,2,2
31.05,0,16,1,2
34.5,0,14,2,1
33.0,0,1,2,1
88.0,0,20,4,1
66.0,0,16,5,1
89.6,0,14,2,1
110.0,0,15,0,2
112.0,0,22,2,2
176.0,0,12,3,1
57.5,1,11,4,4
440.0,0,22,4,1
134.4,0,20,6,1
95.2,1,16,5,4
121.0,0,9,4,1
134.4,0,13,5,1
45.2,0,13,3,1
396.0,0,17,4,1
110.0,0,18,4,1
10.0,0,20,1,1
69.0,0,18,3,3
10.0,0,20,2,1
89.6,0,15,1,1
104.5,0,0,3,1
88.0,0,14,4,1
10.0,0,16,5,2
46.0,0,8,1,1
336.0,0,21,0,1
139.55,0,16,0,1
132.0,0,15,4,2
89.6,0,21,0,1
280.0,0,15,1,1
66.0,0,19,1,1
31.05,0,13,2,2
145.6,0,23,0,2
89.6,0,0,5,2
120.0,0,22,3,1
77.0,0,14,2,1
242.0,0,18,4,1
184.0,0,17,4,1
15.0,0,9,2,1
39.07,0,9,3,1
105.0,0,9,3,1
154.0,0,13,1,1
88.0,0,21,3,1
308.0,0,17,0,1
117.6,1,17,5,3
13.5,0,9,2,1
74.16,0,0,1,1
187.0,0,18,2,1
70.0,0,18,5,6
55.0,0,19,0,1
88.0,0,9,3,1
121.0,0,21,1,1
132.25,0,13,1,1
45.2,0,21,2,1
165.0,0,11,5,1
134.4,0,19,2,3
69.0,0,15,3,1
30.0,0,12,4,1
70.0,0,10,4,1
138.0,0,21,1,1
78.4,0,21,5,3
89.6,0,13,5,1
55.0,0,17,3,1
46.0,0,12,3,4
103.5,0,10,2,2
138.0,0,13,0,1
110.0,0,21,2,1
418.0,1,20,1,8
16.5,0,17,3,1
132.0,0,11,4,1
134.4,0,11,0,2
74.16,0,9,6,1
302.4,0,22,0,1
27.5,0,0,3,2
268.8,0,22,1,1
396.75,0,18,0,1
110.0,0,22,4,1
310.5,0,12,2,1
31.05,0,15,0,1
18.34,0,21,3,1
187.0,0,10,2,4
154.0,0,9,2,4
154.0,0,20,3,1
830.0,0,10,0,1
15.0,0,9,6,1
132.0,0,19,4,1
241.5,0,15,0,1
69.0,0,12,5,1
80.5,0,16,0,1
88.0,0,21,1,1
58.66,0,22,3,1
46.0,0,20,0,1
92.0,0,23,0,1
275.0,0,12,2,2
104.5,0,21,0,1
286.0,0,15,3,1
280.0,0,23,4,1
132.0,0,12,6,1
170.0,0,19,5,2
110.0,0,15,2,1
89.6,0,17,5,1
138.0,0,17,6,1
143.0,0,14,5,2
99.0,0,9,2,1
99.0,0,22,2,1
121.0,0,15,2,1
78.4,0,14,0,2
33.0,0,10,3,1
110.0,0,21,1,6
187.0,0,21,0,1
92.0,0,22,0,1
10.0,0,11,1,1
154.0,0,18,1,1
154.0,0,19,4,1
154.0,0,15,0,1
110.0,0,18,4,1
104.5,0,14,0,1
57.5,0,17,2,1
46.0,1,14,4,3
66.0,0,16,5,1
63.99,0,13,3,2
176.0,0,11,3,1
115.0,0,16,5,1
182.69,0,14,5,1
34.5,0,16,4,1
172.75,0,18,0,1
78.4,0,12,1,1
35.0,0,11,3,1
308.0,0,19,2,1
304.75,0,22,0,1
1260.0,0,10,0,2
99.0,0,15,4,1
92.0,0,14,4,1
34.5,0,10,4,1
49.5,0,22,1,1
220.0,0,10,2,1
830.0,0,10,0,3
110.0,0,10,3,1
99.0,0,17,5,2
34.5,0,19,4,1
168.0,0,0,2,1
112.0,0,12,0,2
33.0,0,20,6,1
99.0,0,14,4,1
201.6,0,10,4,1
44.0,0,17,2,1
99.0,0,17,4,1
23.0,0,8,1,2
56.65,0,17,4,1
92.0,0,18,2,2
190.0,0,14,5,2
67.2,0,16,3,1
88.0,0,15,1,2
151.2,0,17,2,1
99.0,0,2,4,1
132.0,0,22,5,2
121.0,0,20,3,1
16.5,0,10,5,3
66.0,0,18,5,1
515.2,0,12,0,1
120.75,0,14,3,1
44.8,0,21,2,1
176.0,0,0,4,1
138.0,0,15,4,1
761.6,0,19,0,1
187.0,0,18,4,1
165.0,0,23,4,1
235.2,0,14,5,1
78.4,0,13,3,1
720.0,0,12,1,1
70.0,0,15,1,1
80.5,0,11,3,1
242.0,0,19,3,1
148.5,0,22,6,1
154.0,0,12,4,2
154.0,0,19,3,1
333.5,0,14,1,1
46.69,0,21,1,1
49.5,0,11,5,1
58.36,0,10,0,1
95.2,0,21,4,1
99.0,0,19,1,1
23.0,0,21,3,1
69.0,0,22,3,1
77.0,0,19,2,2
77.0,0,13,1,1
112.0,0,20,0,2
34.5,0,14,2,1
23.0,0,19,2,1
33.0,0,12,3,1
179.2,0,20,6,1
69.0,0,16,3,2
385.0,0,13,4,1
120.75,0,13,3,1
112.0,0,12,0,2
715.0,1,2,5,2
70.0,0,18,5,6
34.5,0,21,2,1
44.8,0,12,0,1
44.42,0,10,5,4
59.99,0,23,3,1
418.0,1,19,0,7
630.0,0,14,0,2
352.0,0,14,1,2
57.5,0,9,0,1
121.0,0,23,0,3
154.0,0,21,3,2
17.24,1,2,1,3
67.2,0,23,6,6
110.0,0,16,4,1
179.2,0,12,0,1
110.0,0,18,4,1
172.75,0,12,3,3
89.6,0,16,5,3
34.5,0,14,4,2
62.0,0,13,5,1
134.4,0,9,3,1
180.0,1,16,5,3
132.0,0,17,1,1
154.0,0,23,0,2
55.0,0,14,4,1
207.0,0,15,3,1
134.4,1,16,0,15
44.0,0,13,3,2
220.0,0,20,0,2
88.0,0,18,4,1
112.0,0,11,4,1
143.0,0,17,6,2
80.5,0,11,4,1
154.0,0,18,4,1
20.0,0,10,2,1
99.0,0,9,3,1
115.0,0,23,0,3
10.0,0,23,0,1
166.0,0,11,2,2
302.4,0,11,0,1
117.6,0,14,5,2
156.8,0,11,1,1
62.1,0,11,2,1
10.0,0,8,4,1
43.0,0,21,1,1
44.8,0,15,1,2
58.36,0,16,4,2
92.0,0,12,0,2
33.0,0,0,5,1
187.0,0,12,3,1
34.5,0,21,2,1
20.0,0,11,6,1
121.0,0,17,3,2
89.6,0,17,1,1
62.1,0,13,2,1
25.0,0,22,2,1
99.0,0,12,4,2
123.3,0,12,3,1
88.0,0,20,3,2
117.6,0,16,5,1
56.0,0,12,3,1
235.2,0,18,1,1
55.0,0,19,2,1
70.0,0,17,3,1
10.0,0,22,1,1
99.0,0,9,4,1
176.0,0,18,4,1
121.0,0,23,4,1
132.25,0,21,0,1
20.0,0,16,1,1
132.0,0,17,4,2
78.4,0,14,2,2
134.4,0,20,4,1
132.25,0,20,0,1
143.0,0,18,5,1
201.25,0,21,0,2
77.0,0,8,2,1
70.0,0,12,3,1
145.6,0,20,4,1
23.0,0,18,0,1
10.0,0,15,5,1
198.0,0,13,3,1
172.5,1,14,3,2
313.5,0,17,4,2
57.5,0,19,6,1
138.0,0,14,2,1
66.0,0,22,6,2
55.0,0,21,1,1
27.5,0,10,1,1
132.0,0,10,2,2
69.0,0,14,3,1
46.0,0,18,3,1
179.2,0,22,2,1
77.0,0,20,4,2
138.0,0,18,4,1
242.0,0,20,6,1
88.0,0,21,4,1
23.0,0,12,6,1
154.0,0,16,2,1
134.4,0,14,2,2
224.0,0,18,2,1
24.0,0,17,4,3
20.0,0,16,5,2
112.0,0,22,2,1
95.2,1,15,5,15
77.0,0,17,3,1
88.0,0,20,3,1
88.0,0,22,2,1
121.0,0,21,3,1
92.0,0,18,1,1
110.0,0,2,4,1
105.0,0,18,5,1
112.0,0,8,0,1
369.9,0,13,0,1
138.0,0,22,3,2
297.0,0,21,6,1
291.2,0,8,4,1
67.2,0,17,5,3
154.0,0,11,2,2
156.8,0,11,0,1
77.0,0,18,1,1
156.8,0,14,3,1
34.5,0,18,6,1
112.0,0,22,0,1
345.5,0,22,1,1
132.25,0,18,0,1
88.0,0,9,3,1
308.0,0,11,1,1
132.0,0,1,5,2
46.0,0,14,0,1
15.0,0,14,5,1
44.0,0,17,4,3
112.0,0,16,6,1
34.5,0,20,4,3
240.0,0,9,3,1
121.0,0,12,3,1
154.0,0,16,0,1
55.82,0,15,3,1
172.5,0,13,4,1
46.0,0,12,2,2
224.0,0,15,4,1
57.5,0,17,1,1
264.0,0,20,4,1
172.5,0,15,3,1
220.0,0,12,4,1
77.0,0,17,3,3
345.5,0,12,3,1
34.5,0,9,2,1
20.0,0,17,3,1
336.0,0,19,4,1
110.0,0,14,0,1
224.0,0,1,4,1
92.0,0,19,4,2
132.0,1,12,4,6
253.0,0,20,6,1
78.4,0,16,2,1
103.5,0,12,0,1
13.99,0,19,1,8
10.0,0,13,4,2
46.0,0,19,5,1
95.2,0,10,2,1
34.5,0,11,1,3
154.0,0,16,4,2
20.0,0,23,0,1
154.0,0,19,1,2
134.4,0,10,0,1
121.0,0,18,4,1
154.0,1,13,4,4
154.0,0,17,1,1
1660.0,0,11,0,1
246.6,0,21,4,1
168.0,0,16,5,3
44.8,0,12,0,1
154.0,0,12,4,3
143.0,0,12,6,1
168.0,0,10,2,1
44.8,0,23,2,2
154.0,0,19,3,2
34.5,0,21,3,1
88.0,0,16,4,1
89.6,0,18,0,1
336.0,0,10,4,1
67.2,0,19,2,2
132.0,1,13,4,6
99.0,1,19,4,4
143.0,0,16,2,1
13.99,1,6,2,10
172.5,0,20,4,1
62.1,0,21,2,1
55.0,0,17,1,2
630.0,0,11,0,1
23.0,0,19,4,2
46.0,0,0,4,2
172.5,0,14,3,1
46.0,0,14,4,1
46.0,0,18,0,1
88.0,0,10,4,1
132.0,0,19,4,2
264.0,0,23,1,1
33.0,0,14,4,2
80.5,0,13,0,1
10.0,0,13,4,1
77.0,0,11,4,1
46.0,0,15,4,1
46.0,0,19,3,1
67.2,0,12,3,1
1012.0,1,23,2,5
104.5,0,11,0,3
88.0,0,23,3,1
69.0,0,23,2,1
78.4,0,15,0,1
55.0,0,20,6,1
184.0,0,21,3,1
69.0,0,14,2,1
715.0,0,9,5,1
77.0,0,19,3,1
16.5,0,12,5,1
23.0,0,8,4,1
99.0,0,18,4,3
67.2,0,13,4,1
20.0,0,14,3,1
93.37,0,22,3,1
154.0,0,15,4,1
154.0,0,21,1,1
105.0,0,14,3,1
53.0,0,1,4,1
44.8,0,18,2,3
112.0,0,17,2,2
198.0,0,0,4,1
99.0,0,0,3,2
46.0,0,12,3,1
99.0,0,12,5,1
80.5,0,15,0,1
38.5,0,9,1,1
88.0,0,11,3,2
165.0,0,22,1,1
156.8,0,11,1,1
110.0,0,14,1,1
143.0,0,12,5,1
88.0,0,12,4,1
23.0,0,22,3,1
99.0,0,22,2,3
70.0,0,16,3,1
154.0,0,12,4,1
2.2,0,19,0,3
165.0,0,11,4,1
230.0,0,14,2,1
99.0,0,18,4,1
184.0,0,14,2,1
92.0,0,11,3,1
57.5,1,15,3,6
154.0,0,19,0,1
154.0,0,16,4,2
5.0,0,11,1,1
104.5,0,12,2,2
15.0,0,10,1,1
34.5,0,19,5,1
170.0,0,23,1,1
88.0,0,20,3,2
440.0,1,2,3,1
172.5,0,21,3,1
46.0,0,1,4,1
121.0,0,15,3,1
13.0,0,12,1,1
308.0,0,21,3,1
132.25,0,12,1,1
246.4,0,13,5,1
216.0,0,18,4,3
5.0,0,20,5,1
117.6,1,16,5,12
34.5,0,16,3,2
154.0,1,15,0,8
46.0,0,17,4,6
88.0,0,17,2,1
15.0,0,19,6,2
264.0,0,21,4,1
77.0,0,16,0,1
154.0,0,13,2,5
82.5,0,21,0,1
88.0,0,21,3,2
172.75,0,21,1,1
55.82,0,17,5,2
80.0,0,22,4,1
92.0,0,12,0,1
223.29,0,15,2,1
55.0,0,19,3,1
138.0,0,11,2,2
322.0,0,7,0,1
224.0,0,20,0,1
110.0,0,15,0,2
420.0,0,17,4,1
99.0,0,8,4,2
165.0,1,22,4,1
88.0,0,21,2,2
672.0,0,21,4,2
36.0,0,16,5,2
44.0,0,21,0,1
57.5,1,15,1,6
77.0,0,15,1,7
143.0,0,20,5,2
336.0,0,22,2,1
115.0,0,17,0,1
123.3,0,22,2,1
143.0,0,22,4,2
62.69,0,13,3,1
112.0,1,23,2,6
69.0,0,14,4,1
154.0,0,19,1,1
34.5,0,22,3,1
154.0,0,15,0,1
1060.0,0,19,3,1
23.0,0,20,2,3
33.0,0,13,2,1
143.0,0,17,4,1
313.6,0,15,0,1
224.0,0,12,0,1
78.4,0,15,2,1
92.0,0,14,1,1
308.0,0,15,4,1
264.0,0,15,4,1
30.0,0,12,5,2
88.0,0,19,3,2
69.0,0,23,3,1
198.0,0,1,5,1
89.6,0,19,5,2
69.0,0,14,5,1
84.0,0,13,1,1
224.0,0,13,0,1
132.0,0,10,3,3
154.0,0,21,3,1
44.0,0,23,3,1
116.72,0,15,4,1
31.05,0,11,2,2
132.0,0,17,1,1
80.5,0,15,6,1
23.0,0,20,4,1
34.5,0,19,1,1
46.0,0,19,1,1
25.0,0,12,3,1
46.0,0,15,4,3
99.0,0,18,4,1
72.0,0,14,4,1
16.5,0,18,1,1
55.82,0,15,3,1
2.1,0,11,3,2
30.0,0,15,5,1
59.99,0,0,4,2
37.8,0,13,0,1
5.0,0,21,4,1
93.15,0,12,2,1
172.5,1,15,3,2
77.0,0,8,2,1
69.0,0,23,3,1
115.5,0,13,4,1
132.0,0,22,3,2
88.0,0,7,4,1
286.0,0,16,4,1
190.4,1,23,6,10
46.0,0,19,4,1
55.0,0,19,4,2
275.0,0,18,0,1
154.0,0,10,2,1
69.0,0,12,4,1
23.35,0,9,4,1
20.0,0,19,5,1
57.5,0,22,6,1
110.0,0,16,6,1
345.0,0,13,4,1
1460.0,0,10,0,1
15.0,0,12,3,1
92.0,0,12,4,1
190.4,0,0,3,1
25.0,0,8,3,1
116.72,0,9,4,1
275.0,0,23,0,1
184.0,0,16,3,1
20.0,0,16,4,1
291.2,0,22,0,1
154.0,0,17,0,1
20.0,0,18,5,2
201.6,0,21,0,1
59.99,0,16,4,1
66.0,0,18,5,1
105.0,0,15,3,2
104.5,0,15,0,1
31.05,0,11,2,1
78.96,0,13,0,1
110.0,0,21,4,1
46.0,0,18,4,1
35.0,0,11,0,1
92.0,0,6,4,1
201.6,1,10,3,1
91.35,0,16,1,1
92.0,0,13,0,1
70.0,0,14,5,2
34.5,0,19,5,1
57.5,0,13,2,5
154.0,0,12,0,1
145.6,0,23,0,1
302.4,0,14,5,1
33.0,0,13,0,2
46.0,0,21,3,4
104.5,0,7,4,1
154.0,0,22,5,2
184.0,0,10,5,1
78.4,0,12,0,1
115.5,0,10,3,1
627.0,0,1,5,1
154.0,0,13,3,1
23.0,0,23,3,1
10.0,0,18,3,1
30.0,0,23,4,1
154.0,0,16,4,1
95.2,1,15,5,15
207.0,0,21,2,1
78.4,0,8,1,1
172.5,0,17,3,1
161.0,0,11,0,1
69.0,0,15,5,1
89.6,0,13,1,2
156.8,0,11,0,1
176.0,0,11,3,2
49.5,0,20,3,1
44.0,0,12,4,1
100.0,0,21,0,1
70.0,0,21,0,1
69.0,0,13,4,1
190.4,0,17,0,2
77.0,0,0,2,1
112.0,0,9,0,1
55.0,0,16,1,1
110.0,0,2,5,1
44.8,0,19,0,1
228.0,0,17,4,1
330.0,0,19,2,1
62.1,0,13,3,1
78.4,0,10,2,1
154.0,0,0,1,2
63.25,0,8,2,1
88.0,0,20,2,1
34.5,0,18,4,1
132.0,0,22,4,1
55.0,0,9,5,2
88.0,0,8,3,1
60.0,0,1,3,1
240.0,0,11,3,1
154.0,0,21,0,1
168.0,0,11,1,1
46.0,0,16,4,1
46.0,0,18,2,1
27.0,0,14,3,1
62.1,0,9,4,1
66.0,0,11,4,1
16.5,0,16,2,2
20.0,0,16,1,1
95.2,1,15,5,15
49.5,0,21,2,1
156.8,0,20,2,1
143.0,0,19,0,2
62.1,0,11,2,1
154.0,0,15,4,1
95.2,0,16,5,1
66.0,0,15,1,2
92.0,0,14,4,1
168.0,0,16,5,3
30.45,0,10,2,1
143.0,0,18,0,1
132.0,0,21,4,1
132.0,0,23,4,1
153.0,0,2,3,2
10.0,0,22,0,1
88.0,0,12,4,1
33.0,0,19,4,1
33.0,0,12,5,1
34.5,0,22,2,1
67.5,0,19,0,1
154.0,0,9,4,1
69.0,0,18,4,1
176.0,0,18,3,1
224.0,0,11,6,1
341.0,0,8,1,1
143.0,0,0,1,2
264.0,0,18,4,2
109.61,0,19,3,1
154.0,0,18,3,1
99.0,0,14,4,1
138.0,0,15,4,1
10.0,0,10,5,1
201.6,0,17,4,1
126.5,0,9,4,1
297.0,0,3,5,1
192.0,0,11,1,1
308.0,0,18,4,1
78.4,0,14,0,1
78.4,0,21,0,1
23.0,0,15,5,1
69.0,0,21,3,2
153.0,1,6,2,10
40.0,0,22,1,1
220.0,0,16,2,1
104.5,0,21,2,1
154.0,0,13,4,2
10.0,0,22,4,1
78.4,0,9,2,1
36.66,1,11,4,4
55.0,0,2,1,1
15.0,0,12,5,1
92.0,0,14,4,1
154.0,0,11,3,2
78.4,0,19,2,1
46.0,0,12,1,2
31.59,0,22,6,2
105.0,0,12,6,1
380.8,0,16,0,1
34.5,0,22,4,1
304.75,0,21,1,1
176.0,0,21,5,2
78.15,0,10,1,1
143.0,0,0,2,1
88.0,0,0,4,1
33.0,0,20,5,1
23.0,0,18,6,1
49.43,0,20,2,1
92.0,0,11,1,1
201.25,0,21,0,1
99.0,0,10,2,1
33.0,0,22,2,2
46.69,0,11,1,1
99.0,0,21,2,2
34.5,0,15,0,1
20.0,0,13,2,1
88.0,0,23,2,1
156.8,0,22,2,1
180.0,0,20,0,1
89.6,0,23,3,2
50.75,0,16,5,2
1460.0,0,20,0,1
134.4,0,21,5,2
89.6,0,10,2,1
143.0,0,18,4,2
168.0,0,23,5,1
55.0,0,19,4,1
154.0,0,10,1,1
308.0,0,13,1,1
89.6,0,19,3,2
209.0,0,11,2,1
69.0,0,0,4,1
154.0,0,18,3,1
92.0,0,15,4,1
88.0,0,13,3,1
40.0,0,17,3,1
23.0,0,22,4,1
24.0,0,12,0,1
69.0,0,16,4,1
40.0,0,20,5,2
67.2,0,17,0,1
280.0,0,14,6,2
172.75,0,10,3,2
33.0,0,12,5,1
154.0,0,20,2,1
132.0,0,9,3,1
46.0,0,8,3,1
143.0,0,21,0,2
134.4,0,18,1,1
23.0,0,23,5,1
134.4,0,9,6,1
78.4,0,11,0,2
92.0,0,22,2,1
143.0,0,21,0,1
10.0,0,17,4,1
66.0,0,20,2,1
154.0,0,9,3,2
92.0,0,0,3,1
78.4,0,11,3,1
190.4,1,17,3,2
99.0,0,21,2,2
10.0,0,11,1,1
33.0,0,16,4,1
26.5,0,17,0,1
46.0,0,17,4,1
336.0,0,19,2,2
154.0,0,18,4,2
89.6,0,10,3,1
336.0,0,12,4,1
308.0,0,21,4,1
273.0,0,22,5,2
77.0,0,17,4,1
180.0,0,13,5,6
44.47,0,18,4,1
10.0,0,14,0,1
70.0,0,10,5,1
134.4,0,12,0,1
112.0,0,15,2,1
67.2,0,22,0,2
55.0,0,20,1,1
336.0,0,10,4,2
44.0,0,10,5,1
121.0,0,14,4,1
275.0,0,20,3,1
190.4,0,22,6,1
44.0,0,12,2,1
62.1,0,23,2,2
154.0,0,0,3,3
69.0,0,20,6,1
95.2,0,19,4,1
88.0,0,13,5,1
176.0,0,14,4,1
92.0,0,13,5,1
78.4,0,10,0,1
16.5,0,23,2,3
121.0,0,10,1,2
34.5,0,12,4,1
352.0,0,10,3,1
138.0,0,13,2,1
154.0,0,23,0,1
70.0,0,17,4,1
20.0,0,22,5,2
224.0,0,20,0,1
154.0,0,13,3,1
156.8,0,14,0,3
78.4,0,21,0,2
414.0,1,21,2,2
29.5,0,11,2,1
99.0,0,16,4,1
132.0,1,13,4,6
23.34,0,21,2,1
143.0,0,19,5,1
34.5,0,20,4,2
23.0,0,21,3,1
253.0,0,11,2,1
72.8,0,22,1,1
20.0,0,11,0,1
154.0,0,16,4,1
220.0,0,13,4,1
89.6,0,13,5,1
78.4,0,20,0,1
66.0,0,9,2,1
55.0,0,9,5,1
20.0,0,14,4,1
55.0,1,11,4,4
70.0,0,12,1,1
78.96,0,12,0,1
60.89,0,20,3,2
190.4,0,20,5,2
132.25,0,20,0,1
88.0,0,15,4,1
165.0,1,18,4,3
154.0,0,15,4,1
104.5,0,23,0,1
134.4,0,19,2,1
34.5,0,18,4,1
48.0,0,21,0,1
200.0,0,7,4,1
143.0,0,0,0,1
134.4,0,22,0,1
187.0,0,1,4,1
37.77,0,21,0,1
23.0,0,12,3,1
132.25,0,22,0,1
34.5,0,19,4,1
99.0,0,18,4,2
34.5,0,15,4,1
143.0,0,20,1,1
121.0,0,15,3,5
16.5,0,15,1,1
145.6,1,1,3,5
92.0,0,1,3,1
33.0,0,12,5,1
5.0,0,23,2,1
88.0,0,9,3,1
193.43,0,0,4,1
62.1,0,18,2,1
44.8,0,17,0,4
89.6,0,20,6,1
55.0,0,10,2,2
34.5,0,20,2,1
156.8,0,16,0,1
100.0,0,18,3,1
176.0,0,19,2,3
172.5,0,21,3,3
100.8,0,12,4,2
89.6,0,23,5,3
168.0,0,15,4,1
77.0,0,23,0,3
20.0,0,22,5,2
15.0,0,13,2,1
20.0,0,23,3,1
143.0,0,16,5,1
250.0,1,16,6,20
25.37,0,4,5,3
257.6,0,16,1,3
154.0,1,15,0,8
49.5,0,16,3,1
60.89,0,16,0,1
124.2,0,9,4,1
176.0,0,22,3,2
16.5,0,20,5,1
80.5,0,11,3,1
69.0,0,10,0,1
179.2,0,20,0,1
16.5,0,16,3,3
78.4,0,10,3,1
224.0,0,9,2,1
198.0,0,22,3,1
103.5,0,15,2,2
77.0,0,21,4,2
33.0,0,12,5,1
440.0,0,18,5,1
17.24,0,13,1,8
110.0,0,23,3,1
154.0,0,17,2,1
165.0,0,0,6,1
33.0,0,13,0,1
79.35,0,11,3,1
34.5,0,10,4,1
78.4,0,14,0,1
10.0,0,10,2,2
403.2,0,9,4,1
134.4,0,8,2,1
110.0,0,20,0,1
86.27,0,7,0,2
154.0,0,15,6,2
123.2,1,16,5,9
55.0,0,21,3,1
33.0,0,0,0,1
165.0,0,21,0,1
286.0,0,16,1,1
89.6,0,19,5,1
99.0,0,21,3,1
132.0,0,12,0,1
77.0,0,1,3,1
396.0,0,20,1,1
117.6,0,18,4,1
190.0,0,14,5,1
69.0,0,21,4,1
123.2,1,16,5,9
10.0,0,19,2,1
89.6,0,15,3,1
15.0,0,0,2,1
35.0,0,22,2,1
134.4,0,1,5,1
198.0,0,20,1,1
46.0,0,11,4,1
190.4,0,13,0,1
112.0,0,12,0,1
264.5,0,16,1,2
106.4,0,1,1,5
264.0,0,16,2,1
352.0,0,15,2,1
33.0,0,18,5,2
103.5,0,16,4,1
55.0,1,22,1,1
165.0,0,23,4,1
154.0,0,13,1,1
70.0,0,15,4,1
99.0,0,17,3,3
103.5,0,14,2,1
132.0,0,10,5,1
184.0,0,20,5,1
154.0,0,16,0,1
140.0,0,14,4,1
143.0,0,21,5,1
70.0,0,19,0,1
99.0,0,16,5,2
50.75,0,12,5,1
165.0,0,13,2,1
374.0,0,13,5,1
44.8,0,23,0,1
5.0,0,11,3,1
148.5,0,19,6,1
110.0,0,22,3,1
69.0,0,17,1,1
115.0,0,16,4,2
78.4,0,11,3,1
110.0,0,19,1,1
88.0,0,22,2,1
224.0,0,21,1,1
420.0,1,3,5,5
78.4,0,14,0,1
179.2,0,0,2,1
44.8,0,15,0,1
180.0,1,19,5,1
352.0,0,23,2,1
126.5,1,9,4,3
62.1,0,22,6,1
280.0,0,12,3,1
99.0,0,12,5,2
92.0,0,18,4,1
123.3,0,10,3,1
184.0,0,22,4,1
20.0,0,18,5,2
134.4,0,13,6,2
69.0,0,13,3,2
187.0,0,16,3,1
144.0,0,16,4,1
100.48,0,19,0,1
630.0,0,11,0,1
134.4,0,22,0,2
35.53,0,16,5,2
77.0,0,18,0,1
20.0,0,12,6,1
121.0,0,11,3,2
5.0,0,22,0,1
143.0,0,16,1,1
55.0,0,11,2,1
134.4,0,13,3,2
154.0,0,9,2,4
66.0,0,22,2,1
319.0,0,11,5,1
23.0,0,21,2,3
44.0,0,18,4,1
154.0,0,21,0,3
264.0,0,20,4,1
89.6,0,0,5,1
268.8,0,16,1,1
70.0,0,17,5,1
67.2,0,15,5,2
67.2,0,13,4,1
156.8,0,11,3,1
90.4,0,22,4,3
69.0,0,16,2,1
15.0,0,17,1,1
39.07,0,15,1,7
89.6,0,13,3,1
16.5,0,16,5,1
110.0,0,15,4,1
46.0,0,11,0,1
20.0,0,13,3,1
92.0,0,22,3,2
418.0,1,14,5,4
187.0,0,17,1,2
78.4,0,21,0,1
220.0,0,23,3,2
34.5,0,11,3,1
132.0,0,20,3,1
104.5,0,15,4,1
134.4,0,11,0,1
143.0,0,19,5,1
30.0,0,12,6,1
69.0,0,15,5,1
100.48,0,15,1,1
66.99,0,12,2,1
143.0,0,19,0,1
134.4,0,11,3,1
88.0,0,18,4,2
88.0,1,13,0,2
15.0,0,8,4,1
23.35,0,21,0,1
82.5,0,17,5,2
46.0,0,19,3,1
67.2,0,11,4,2
143.0,0,20,0,1
10.0,0,16,2,1
40.0,0,18,2,1
62.1,0,22,4,1
39.48,0,23,2,1
34.5,0,11,4,1
264.0,0,15,0,1
154.0,0,16,1,1
49.5,0,15,3,1
286.0,0,20,5,1
77.0,0,14,4,1
20.0,0,13,1,1
30.0,0,15,5,1
154.0,0,12,0,1
20.0,0,11,4,1
23.0,0,22,4,2
10.0,0,14,0,1
78.4,0,14,1,1
88.0,0,0,2,1
143.0,0,23,3,1
121.0,0,22,4,3
86.0,0,17,3,1
46.0,0,15,2,1
220.0,0,20,6,1
69.0,0,16,5,1
20.0,0,0,5,1
67.2,0,21,1,1
440.0,0,19,2,1
66.0,0,22,0,1
23.0,0,11,3,1
77.0,0,18,3,5
39.48,0,15,1,1
132.25,0,13,1,1
31.59,0,13,4,1
179.2,0,23,2,1
104.5,0,13,3,1
46.0,0,15,1,1
112.0,0,13,0,1
154.0,0,23,2,1
132.0,0,15,2,1
46.0,0,15,0,1
207.0,0,15,2,1
46.0,0,14,3,1
78.4,0,16,1,1
103.5,0,16,2,2
23.0,0,22,4,1
154.0,0,15,4,1
172.5,0,22,2,1
92.0,0,16,4,1
20.0,0,22,2,1
99.0,0,9,3,1
154.0,0,22,1,1
89.6,0,22,0,1
117.6,1,16,5,12
89.6,0,1,3,2
10.0,0,16,4,1
15.8,0,15,4,1
99.0,0,13,3,1
168.0,0,21,6,1
78.4,0,13,0,1
99.0,0,15,4,2
308.0,1,15,1,4
25.0,0,8,4,1
49.5,0,16,1,3
104.5,0,22,1,2
104.5,0,15,0,1
224.0,0,10,1,1
103.5,0,13,5,1
52.07,0,21,0,1
235.2,0,17,1,3
110.0,1,12,5,20
257.6,0,11,2,1
148.5,0,20,6,1
10.0,0,23,3,1
67.2,0,19,1,1
302.4,0,12,1,1
100.0,0,15,4,1
78.4,0,11,0,2
104.5,0,19,0,1
69.0,0,19,0,1
78.4,0,19,0,1
132.0,0,19,4,1
92.0,0,15,0,2
20.0,0,15,2,1
27.0,0,10,2,1
198.0,0,20,4,1
57.5,0,14,4,1
84.0,0,10,1,1
46.0,0,14,0,2
143.0,0,14,5,2
235.2,0,15,5,1
10.0,0,10,0,1
57.5,1,19,3,4
99.0,0,12,4,1
172.5,0,22,4,1
440.0,1,23,0,12
99.0,0,20,3,1
672.0,0,19,4,1
230.0,0,23,4,1
69.0,0,17,4,1
48.0,0,0,1,1
13.99,0,19,1,8
156.8,0,11,0,2
210.0,0,12,4,1
105.0,0,19,3,1
100.8,0,14,1,1
134.4,0,22,1,1
224.0,0,11,0,1
120.0,0,23,1,1
55.0,0,17,6,1
78.4,0,21,3,4
49.5,0,21,3,1
58.78,0,17,1,1
156.8,0,11,0,1
145.6,0,22,4,1
67.2,0,17,6,1
172.5,0,21,4,1
15.0,0,11,1,2
462.0,0,15,4,1
25.0,0,19,3,1
10.0,0,17,2,2
110.0,0,20,6,1
630.0,0,10,0,1
99.0,0,16,4,1
264.0,0,16,2,1
67.2,0,22,6,1
110.0,0,23,1,1
140.0,0,13,4,1
92.0,1,23,4,1
20.0,0,8,1,1
137.5,0,9,3,1
88.0,0,23,2,1
92.0,0,20,5,1
99.0,0,17,3,1
44.0,0,22,5,1
46.0,0,21,1,2
154.0,0,7,2,3
55.0,0,19,3,1
15.0,0,17,5,2
145.6,0,20,3,3
78.4,0,11,1,1
268.8,0,0,4,1
63.16,0,10,6,1
80.5,0,10,4,1
336.0,0,20,4,1
34.33,0,21,4,1
190.4,0,13,0,1
165.0,0,10,4,1
10.0,0,0,6,1
23.0,0,20,2,2
78.4,0,17,0,1
69.0,0,11,4,1
55.0,0,15,5,3
57.5,0,13,1,2
73.34,0,7,2,1
95.2,1,17,5,3
46.0,0,13,4,1
31.05,0,23,5,1
88.0,0,9,3,2
34.5,0,12,4,1
154.0,0,15,4,1
112.0,0,12,0,1
83.0,0,18,2,1
104.5,0,14,4,3
10.0,0,17,3,1
126.5,1,9,4,8
69.0,0,22,2,1
184.0,0,7,5,1
352.0,0,15,3,1
77.0,0,19,3,1
10.0,0,22,3,1
78.4,0,10,1,1
67.2,0,21,6,1
154.0,0,21,4,3
34.5,0,15,5,1
143.0,0,18,5,1
13.0,0,17,3,1
35.53,0,18,5,6
154.0,0,12,3,1
390.5,0,21,3,2
34.5,0,9,4,1
165.0,0,21,2,1
34.5,0,23,4,1
20.0,0,15,4,1
40.0,0,18,5,3
143.0,0,0,6,2
82.5,1,11,3,4
78.4,0,15,4,1
154.0,0,1,4,2
20.0,0,15,2,1
218.5,0,19,4,1
154.0,0,12,1,1
66.0,0,23,6,1
15.0,0,17,1,1
220.0,0,11,1,1
66.0,0,12,0,1
172.5,0,1,4,1
35.0,0,10,2,1
220.0,0,23,2,1
201.25,0,18,0,1
41.19,0,20,0,1
200.0,0,18,4,1
198.0,0,13,4,1
154.0,0,22,0,1
184.0,0,22,2,1
112.0,0,20,0,1
20.0,0,10,2,1
132.0,1,15,4,5
103.5,0,14,2,1
62.69,0,11,3,1
187.0,0,22,1,1
172.5,0,8,2,1
78.4,0,8,1,1
62.1,0,12,5,1
170.0,0,22,2,1
143.0,0,10,0,2
112.0,0,13,1,1
49.5,0,22,6,1
45.2,0,15,2,1
99.0,0,8,4,1
145.6,1,1,3,5
104.5,0,12,0,1
154.0,0,10,4,1
143.0,0,6,4,1
20.0,0,11,1,1
172.5,1,23,2,8
37.8,0,21,0,1
154.0,0,16,3,1
33.0,0,11,0,2
89.6,0,12,0,2
105.0,0,17,3,1
168.0,0,1,5,1
78.4,0,14,4,1
121.0,0,21,2,1
145.6,0,16,4,1
92.0,0,15,4,1
89.6,0,10,1,1
302.4,0,17,0,1
25.0,0,11,1,1
39.07,0,15,1,7
132.0,0,19,3,1
20.0,0,15,0,1
67.2,0,21,0,1
132.25,0,18,0,1
46.0,0,14,3,1
92.0,0,11,4,1
218.5,0,0,3,1
154.0,0,14,4,1
165.0,0,23,3,1
33.0,0,12,3,3
10.0,0,14,1,1
192.5,0,17,3,2
242.0,0,9,3,1
224.0,0,20,6,1
216.0,0,13,3,1
201.6,0,14,3,1
672.0,0,0,5,2
17.24,1,6,2,10
96.0,0,13,1,1
184.0,0,18,4,1
99.0,0,13,4,2
15.0,0,19,2,1
440.0,0,17,1,2
66.0,0,20,4,1
23.0,0,14,2,3
34.5,0,10,4,1
44.0,0,20,5,2
99.0,0,18,2,1
92.0,0,19,3,1
89.6,0,20,1,1
112.0,0,23,0,1
24.0,0,18,1,1
154.0,0,9,1,1
30.0,0,13,6,1
20.0,0,10,4,1
23.0,0,23,3,3
69.0,0,16,3,1
166.0,0,14,1,2
49.5,0,13,0,1
99.0,0,19,4,1
112.0,0,13,5,1
110.0,0,18,2,1
345.5,0,18,1,2
242.0,0,17,2,1
78.4,0,13,1,1
45.2,0,22,6,1
99.0,0,10,4,1
25.0,0,12,4,1
154.0,0,13,1,1
73.07,0,15,4,1
179.2,0,11,0,1
495.0,1,16,4,1
29.34,0,13,3,1
36.66,0,14,4,1
31.59,0,14,0,1
44.0,0,14,2,3
110.0,0,19,0,1
78.4,0,13,5,2
154.0,0,17,1,1
50.0,0,11,0,1
154.0,0,13,3,1
50.0,0,0,2,1
55.0,0,17,4,1
99.0,0,16,4,1
209.0,0,6,0,1
25.0,0,13,5,1
46.0,1,12,4,10
43.0,0,15,3,1
31.05,0,22,3,2
134.4,0,15,0,1
110.0,0,1,4,1
10.0,0,17,1,1
10.0,0,19,2,1
132.0,0,1,5,2
121.0,0,13,2,1
330.0,0,18,3,1
143.0,0,15,4,1
145.6,0,21,4,3
154.0,0,15,0,1
360.0,0,19,5,2
104.5,0,16,4,3
110.0,0,14,4,1
115.5,0,10,3,1
92.0,0,6,1,1
112.0,0,0,2,3
77.0,0,12,1,1
268.8,0,11,0,1
100.8,0,9,0,3
112.0,0,7,3,1
10.0,0,10,1,1
88.0,0,19,1,1
10.0,0,8,3,1
103.5,0,15,2,1
66.0,0,15,1,1
78.4,0,8,0,1
154.0,0,22,0,2
154.0,0,6,3,1
20.0,0,11,1,1
112.0,0,23,4,2
143.0,0,14,1,1
25.0,0,10,5,1
57.5,0,18,2,1
132.0,0,14,4,1
78.4,0,10,1,2
57.5,0,10,4,1
5.0,0,12,1,1
154.0,0,15,3,1
352.0,0,15,1,2
69.0,0,19,5,1
257.6,0,10,5,2
81.0,0,20,4,1
92.0,0,19,2,1
224.0,0,11,0,2
132.0,0,18,0,1
67.2,0,17,4,1
176.0,0,15,2,2
172.5,0,21,3,4
250.0,0,14,4,1
336.0,0,22,4,1
537.6,1,22,3,1
154.0,0,20,2,1
69.0,0,13,3,2
121.0,0,16,2,1
345.0,0,21,4,1
268.8,0,18,2,1
15.0,0,20,3,1
201.6,0,12,4,1
121.0,0,19,3,4
77.0,0,15,5,2
99.0,0,13,4,1
23.0,0,15,2,2
138.0,0,14,4,1
99.0,0,13,3,1
33.0,0,16,3,1
55.0,0,17,6,1
35.0,0,21,5,2
16.5,0,21,4,3
154.0,0,17,3,5
172.5,0,14,4,3
132.0,0,14,4,1
104.5,0,10,0,1
69.0,0,13,0,1
156.8,0,11,3,2
99.0,0,22,3,1
99.0,0,13,4,2
103.5,0,18,4,1
103.5,0,18,4,1
117.6,0,23,1,1
84.0,0,22,1,1
154.0,0,15,3,1
123.3,0,23,2,1
124.2,0,21,4,1
67.2,0,18,3,1
46.0,0,22,3,1
49.5,0,15,0,1
145.6,0,14,0,1
67.2,0,17,5,3
70.0,0,14,5,1
20.0,0,10,6,1
40.0,0,22,4,1
104.5,0,12,4,1
89.6,0,16,4,1
134.4,0,13,0,2
104.5,0,7,0,1
207.0,0,10,2,1
198.0,0,20,4,1
143.0,0,21,0,1
34.5,0,13,4,1
89.6,0,0,4,2
44.8,0,19,1,2
92.0,0,17,0,1
112.0,0,11,6,2
35.0,0,18,4,1
66.0,1,17,4,3
150.0,0,18,4,1
99.0,0,13,3,1
187.0,0,17,1,2
16.5,0,22,5,2
143.0,0,22,0,1
187.0,0,15,0,1
138.0,0,16,5,1
258.5,0,1,1,1
112.0,0,12,0,2
35.53,0,17,5,2
112.0,1,21,1,5
30.0,0,22,5,1
92.0,0,14,0,2
122.81,0,19,4,1
34.48,0,20,5,2
20.0,0,22,2,1
84.0,0,16,3,1
69.0,0,17,2,1
88.0,0,21,3,1
286.0,0,20,0,1
46.0,0,19,1,2
132.25,0,19,0,1
89.6,0,14,1,1
110.0,0,15,4,1
66.0,0,23,4,1
23.0,0,14,4,1
69.0,0,13,4,2
103.5,0,11,1,1
5.0,0,17,0,1
112.0,0,22,6,2
138.0,0,18,6,2
77.0,1,16,1,8
145.6,0,11,4,1
80.5,0,22,4,1
165.0,0,15,3,1
67.2,0,22,0,1
154.0,0,22,0,2
154.0,0,19,1,1
99.0,0,13,4,1
80.5,0,19,0,1
78.4,0,11,1,1
104.5,0,14,3,1
33.0,0,14,3,1
154.0,0,13,4,1
165.0,1,14,5,4
132.0,0,17,2,3
369.9,0,17,2,1
46.0,0,12,4,1
123.2,0,14,5,2
112.0,0,19,0,1
89.6,0,17,3,2
92.0,0,15,4,1
242.0,0,22,4,1
35.0,0,12,4,1
250.0,0,17,4,2
88.0,0,11,4,2
235.2,0,10,3,1
23.0,0,21,4,1
112.0,0,18,3,2
154.0,0,14,3,1
69.0,0,12,3,1
132.25,0,21,0,1
154.0,0,19,3,1
70.0,0,21,3,1
15.0,0,21,5,1
72.0,0,22,5,2
30.0,0,12,0,1
30.0,0,16,1,1
176.0,0,10,4,1
156.8,0,14,1,1
55.0,0,19,1,1
132.0,0,23,4,1
60.0,0,10,4,3
104.5,0,22,0,1
20.12,0,15,1,7
49.5,0,0,1,1
123.3,0,11,3,1
396.0,0,0,3,1
123.3,0,18,4,1
250.0,1,16,6,20
44.8,0,15,0,2
34.33,0,12,0,1
49.5,0,9,5,1
121.0,0,11,3,1
100.8,0,10,3,1
67.2,0,19,2,2
78.4,0,10,3,2
121.0,0,18,2,1
198.0,0,18,3,1
154.0,0,19,3,2
145.6,0,17,2,1
55.0,0,0,4,1
89.6,0,12,0,2
34.5,0,16,5,1
5.0,0,20,4,1
69.0,0,11,4,1
31.59,0,14,1,1
86.86,0,16,4,2
99.0,0,18,4,1
99.0,0,18,3,1
201.25,0,18,0,1
55.0,0,1,4,1
10.0,0,16,1,1
154.0,0,8,1,1
46.0,0,13,3,1
34.5,0,8,2,1
154.0,0,13,3,1
84.0,0,15,3,1
92.0,0,16,4,2
99.0,0,22,3,3
275.0,0,16,5,2
445.5,0,23,6,2
92.0,0,16,4,2
77.0,0,23,6,1
31.05,0,14,1,1
80.5,0,20,6,2
10.0,0,11,3,1
23.0,0,21,4,1
250.0,1,16,6,20
104.13,0,22,2,1
15.0,0,18,5,2
10.0,0,19,1,2
224.0,0,11,0,1
55.0,0,13,4,1
291.2,0,20,4,1
23.35,0,14,4,2
46.0,0,3,6,1
165.0,0,11,0,1
322.0,0,11,0,1
440.0,0,20,4,1
99.0,0,21,4,1
154.0,0,16,2,1
80.5,0,13,0,1
110.0,1,11,3,4
440.0,0,23,4,1
46.0,0,14,1,1
104.5,0,18,4,1
80.5,0,19,3,1
148.5,0,10,0,1
121.0,0,9,2,2
115.0,0,11,0,1
154.0,0,17,4,1
201.25,0,18,0,1
104.5,0,17,2,1
190.4,0,15,5,1
156.8,0,11,1,1
121.0,0,22,4,1
46.0,1,15,0,8
165.0,0,0,3,1
36.66,0,1,5,2
250.0,1,16,6,20
31.59,0,13,3,1
27.5,0,16,2,1
92.0,0,10,4,1
148.5,0,22,6,1
25.0,0,19,5,2
132.0,0,22,3,1
154.0,0,11,4,1
78.4,0,20,2,3
201.6,0,0,5,4
33.0,0,18,5,1
89.6,0,12,0,1
46.69,0,14,4,1
92.0,0,14,1,1
154.0,0,16,4,1
22.65,0,13,0,2
73.34,0,21,6,1
172.5,0,16,4,1
77.0,0,18,3,5
78.4,0,19,0,1
132.0,0,16,4,1
46.0,0,15,2,2
34.5,0,18,2,1
88.0,0,21,2,1
46.0,0,16,4,1
35.53,0,13,3,1
123.3,0,7,4,1
92.0,0,17,5,5
31.05,0,11,2,1
88.0,0,23,4,1
138.0,0,16,4,1
69.0,0,17,4,1
78.4,0,15,0,1
111.65,0,6,2,1
132.0,0,9,2,1
184.0,0,17,4,1
56.0,0,14,2,1
49.63,0,12,1,1
145.6,0,20,4,1
44.8,0,21,0,2
66.0,0,17,5,1
268.8,0,14,0,1
15.0,0,15,2,1
110.0,0,23,1,1
88.0,0,23,6,1
140.0,0,11,4,1
26.45,0,14,2,1
34.5,0,15,2,1
112.0,0,11,0,1
154.0,0,12,1,1
112.0,0,21,1,1
20.0,0,22,4,1
20.0,0,12,5,1
154.0,0,9,2,2
120.0,0,11,3,1
104.5,0,22,3,2
132.0,0,20,4,1
46.0,0,22,1,1
154.0,0,7,1,1
110.0,0,15,0,1
46.69,0,13,2,1
300.0,0,17,4,1
46.0,0,10,2,1
176.0,0,22,5,1
89.6,0,17,2,1
154.0,0,1,3,1
89.6,0,18,2,2
190.4,0,21,5,2
99.0,0,13,5,1
110.0,0,18,3,3
110.0,0,19,1,1
132.0,0,21,3,1
20.0,0,15,4,2
78.4,0,16,2,2
308.0,0,10,4,2
89.6,0,21,0,2
201.6,0,20,2,1
72.8,0,22,2,1
112.0,0,21,0,1
34.5,0,18,4,2
123.3,0,13,0,2
132.25,0,10,1,1
112.0,0,22,0,1
172.5,1,19,3,2
84.0,0,20,2,1
55.0,0,10,0,1
81.71,0,18,6,1
403.2,0,18,1,1
143.0,0,19,6,1
100.0,0,20,5,2
46.0,0,0,4,1
154.0,0,19,0,1
88.0,0,19,2,1
88.0,0,14,4,2
129.6,0,20,1,1
66.0,1,17,4,5
132.0,0,9,2,1
336.0,0,17,4,1
67.2,0,14,3,1
99.0,0,13,1,1
99.0,0,8,2,2
66.0,0,19,5,1
99.0,0,17,4,1
70.0,0,14,6,4
176.0,0,13,4,1
120.0,0,16,2,1
165.0,0,19,2,1
140.0,0,19,5,2
168.0,0,13,6,2
121.0,0,10,1,1
66.0,0,20,5,2
36.66,0,16,4,1
46.0,0,15,4,1
154.0,0,20,2,1
231.0,0,19,4,1
134.4,0,10,1,1
10.0,0,11,5,1
104.5,0,10,4,2
46.0,0,12,3,4
34.5,0,15,5,2
154.0,0,23,3,1
34.5,0,10,3,1
2756.0,0,14,3,2
112.0,0,15,1,1
209.0,0,15,4,3
22.65,1,1,1,3
115.0,0,13,4,1
132.0,0,21,2,1
70.0,0,19,5,2
179.2,0,13,5,1
138.0,0,15,2,1
123.2,1,17,5,3
156.8,0,20,3,1
176.0,0,18,0,1
154.0,0,9,2,1
154.0,0,11,0,1
46.0,1,15,4,4
330.0,0,0,2,1
198.0,0,7,4,2
297.0,0,18,6,2
53.0,0,23,0,1
112.0,0,22,2,5
165.0,0,18,6,1
220.0,0,13,4,1
143.0,0,15,5,1
190.4,0,11,5,1
5.0,0,13,5,1
10.0,0,20,2,2
138.0,0,16,1,2
30.0,0,17,5,1
78.4,0,9,3,1
69.0,0,12,4,2
23.0,0,17,3,1
132.25,0,18,0,1
78.4,0,11,1,2
69.0,0,18,4,1
198.0,0,9,2,1
27.5,0,21,2,2
143.0,0,21,1,1
46.0,1,13,3,3
224.0,0,18,0,1
75.6,0,15,2,1
143.0,0,18,5,1
515.2,0,14,2,2
18.34,0,21,1,1
23.0,0,20,5,1
286.0,0,12,6,1
207.0,0,13,0,1
15.0,0,12,4,1
132.25,0,20,0,1
297.0,0,22,4,1
110.0,0,10,4,1
66.0,0,17,2,2
313.6,0,13,1,2
110.0,0,23,1,1
175.0,0,14,4,1
172.5,0,19,2,1
99.0,0,15,5,2
88.0,0,22,3,3
77.0,0,1,3,1
112.0,0,19,0,1
69.0,0,9,3,1
15.0,0,19,6,1
60.0,0,19,6,1
830.0,0,10,0,1
72.8,0,10,4,1
184.0,0,13,6,1
69.0,0,22,1,1
80.5,0,13,0,1
31.59,0,17,3,1
48.72,0,22,2,1
145.6,0,8,4,1
99.0,0,9,3,2
88.0,0,21,6,1
172.5,0,10,3,1
110.0,1,11,3,4
179.2,0,23,2,1
30.45,0,14,1,1
106.4,0,12,3,1
23.0,0,23,3,1
23.0,0,15,5,2
172.75,0,22,2,1
17.51,0,17,3,3
82.5,0,23,2,1
10.0,0,18,5,1
38.5,0,16,1,1
143.0,0,15,5,1
66.0,0,15,2,2
132.0,0,13,4,1
23.0,0,13,1,1
176.0,0,10,3,1
110.0,0,14,2,1
10.0,0,17,0,1
168.0,0,22,4,1
34.5,0,10,1,1
69.0,0,0,4,1
132.0,0,15,0,1
34.5,0,14,6,2
138.0,0,17,2,1
34.5,0,17,4,1
110.0,0,17,4,1
115.0,0,11,3,1
67.2,0,13,4,1
304.75,1,16,1,3
660.0,0,11,5,1
154.0,0,17,0,1
31.59,0,14,6,1
67.2,0,18,5,2
78.4,0,18,1,1
59.99,0,21,3,1
99.0,0,20,1,1
15.0,0,17,5,1
190.4,0,12,0,1
29.34,0,23,1,1
313.6,0,0,3,1
57.5,0,12,4,1
37.6,0,17,4,1
138.0,0,18,1,1
23.0,0,20,3,1
176.0,1,11,4,1
112.0,0,15,0,1
138.0,0,16,2,1
235.2,0,16,2,1
60.0,0,1,2,1
89.6,0,13,0,1
46.0,1,12,4,10
55.0,0,22,0,1
57.5,0,18,1,1
16.5,0,17,4,1
132.0,0,8,1,1
44.0,0,15,2,1
99.0,0,2,5,1
143.0,0,17,4,1
99.0,0,23,3,2
10.0,0,12,0,1
264.0,0,18,4,1
241.5,0,10,2,1
280.0,0,22,0,1
154.0,0,12,0,2
143.0,0,12,5,1
20.0,0,20,5,1
33.0,0,17,5,2
110.0,1,12,5,6
134.4,0,21,1,2
70.0,0,9,5,1
1908.0,0,19,3,1
23.0,0,20,4,1
148.5,0,23,6,1
138.0,0,16,2,1
172.5,1,21,4,1
44.8,0,18,2,1
46.0,0,21,2,1
15.0,0,17,5,2
77.0,1,19,0,1
286.0,0,20,3,1
20.0,0,19,6,2
88.0,0,7,4,1
121.0,0,23,0,1
10.0,0,16,1,1
154.0,0,20,1,1
99.0,0,12,4,1
176.0,0,21,3,1
630.0,0,11,0,1
112.0,0,22,4,1
257.6,0,12,1,1
156.8,0,23,0,1
154.0,0,14,2,1
154.0,0,13,3,2
23.0,0,18,6,1
99.0,0,20,3,1
70.0,0,14,4,1
62.1,0,21,0,1
156.8,0,10,3,1
190.4,0,13,3,5
209.0,0,19,1,1
27.5,0,19,0,1
179.2,0,18,1,1
99.0,0,1,5,2
23.0,0,11,0,1
187.0,0,10,4,2
57.5,1,15,3,6
69.0,0,8,1,1
78.4,0,14,0,1
121.0,0,18,2,3
154.0,0,20,2,1
201.6,0,18,4,1
1030.4,0,17,6,1
154.0,0,15,4,1
57.5,0,15,1,1
308.0,0,14,0,1
100.8,1,18,5,1
112.0,0,23,0,1
66.0,0,19,5,1
48.0,0,20,6,2
104.5,0,9,4,1
121.0,0,10,5,1
99.0,1,20,3,2
605.0,0,16,4,1
268.8,0,11,5,1
246.4,0,16,5,1
77.0,0,21,5,1
27.5,0,13,3,2
308.0,0,16,4,3
280.0,0,19,2,1
154.0,0,19,1,2
132.0,0,18,2,1
89.6,0,19,5,2
36.66,0,20,2,1
77.0,0,11,1,1
110.0,0,22,4,1
224.0,0,11,0,1
34.5,0,19,5,6
89.6,0,9,4,1
16.5,0,18,2,1
175.0,0,22,2,1
274.38,0,20,5,1
33.0,0,12,5,1
92.0,0,15,4,1
46.0,1,12,4,10
308.0,0,18,4,1
37.77,0,12,1,1
34.5,0,18,5,1
104.5,0,16,6,1
25.0,0,10,1,1
110.0,1,13,5,20
630.0,0,11,0,1
121.0,0,18,4,1
220.0,1,11,6,1
104.5,0,13,3,1
55.0,0,10,5,1
10.0,0,19,3,1
78.4,0,11,0,1
168.0,0,11,4,2
36.54,0,15,2,1
55.0,0,11,3,1
92.0,0,0,4,1
99.0,0,12,3,1
66.0,1,6,2,10
69.0,0,23,3,1
132.0,0,10,2,2
33.0,0,20,5,1
132.25,0,18,0,1
630.0,0,23,0,1
121.0,0,23,3,1
33.0,0,13,4,1
20.0,0,19,5,2
88.0,0,14,2,1
77.0,0,16,4,2
57.46,0,17,2,1
46.0,0,17,4,6
156.8,0,15,5,2
88.0,0,15,2,1
187.0,0,10,0,1
67.2,0,17,0,2
110.0,0,13,4,1
55.0,0,20,0,2
440.0,0,16,3,1
1320.0,0,16,0,1
110.0,0,16,1,2
80.5,0,22,6,1
20.0,0,17,4,1
126.0,0,12,1,1
154.0,0,18,4,1
675.0,0,13,1,1
45.2,0,20,6,3
121.0,0,15,4,2
172.5,0,8,3,1
176.0,0,21,3,1
57.5,1,14,4,2
69.0,0,13,3,1
110.0,0,15,2,2
20.0,0,1,3,1
308.0,0,22,2,1
89.6,0,22,4,1
77.0,0,22,3,1
95.2,1,15,5,15
55.0,0,19,1,4
62.1,0,23,4,1
88.0,0,16,3,2
104.5,0,14,4,1
132.0,0,15,4,1
27.5,0,18,1,1
20.0,0,18,0,1
46.0,0,13,1,1
297.0,0,8,3,1
345.0,0,16,4,1
89.6,0,12,0,3
148.5,0,23,6,1
207.0,1,12,0,2
77.0,0,17,3,2
105.0,0,16,1,1
34.5,0,20,5,2
179.2,0,20,3,1
99.0,0,16,4,1
172.5,0,21,6,3
55.0,0,2,1,1
26.45,0,14,2,1
16.5,0,22,5,2
44.0,0,15,4,1
5.0,0,10,1,2
69.0,0,13,2,1
77.0,0,21,3,1
403.2,0,22,3,1
132.0,0,23,3,1
112.0,1,23,2,6
115.5,0,10,3,2
138.0,0,11,2,1
88.0,0,16,4,2
132.25,0,10,1,2
143.0,0,16,4,1
143.0,0,12,6,1
187.0,0,9,2,1
95.2,1,16,5,4
138.0,0,11,2,1
330.0,0,18,2,1
99.0,0,20,4,2
69.0,0,20,2,1
20.0,0,20,1,1
20.0,0,13,0,1
80.5,0,20,4,1
575.0,0,22,0,1
201.6,0,9,3,1
43.0,0,16,1,1
23.0,0,10,5,1
145.6,1,1,3,5
55.0,0,16,4,3
224.0,0,15,5,1
99.0,0,19,3,1
78.4,0,20,0,1
69.0,0,17,4,1
34.5,0,14,5,1
67.2,0,19,5,1
34.5,0,1,4,2
92.0,0,14,3,1
154.0,0,20,3,1
92.0,0,11,3,1
88.0,0,11,3,1
336.0,0,18,2,1
110.0,0,17,4,1
69.0,0,12,4,1
23.0,0,15,6,2
308.0,0,13,4,1
34.5,0,22,0,1
78.4,0,14,0,3
16.5,0,13,3,2
75.6,0,16,0,1
44.8,0,23,0,4
92.0,0,19,0,2
15.0,0,17,3,1
54.0,0,18,2,2
34.5,0,17,5,3
39.48,0,17,4,1
291.5,0,11,3,1
20.0,0,0,6,1
10.0,0,12,5,1
92.0,0,22,0,1
172.5,0,19,4,1
24.71,0,12,2,2
110.0,0,17,1,2
161.0,0,13,0,1
132.0,0,15,4,1
49.5,0,15,1,1
78.4,0,1,1,1
49.5,0,19,0,1
104.5,0,15,3,1
138.0,0,17,2,1
84.0,0,14,3,1
80.5,0,14,0,3
85.0,0,15,4,1
176.0,0,10,3,1
184.0,0,22,0,1
220.0,0,23,2,1
78.4,0,20,0,1
145.6,0,14,3,1
46.0,0,19,4,1
20.0,0,12,4,1
165.0,0,21,4,1
78.4,0,14,0,1
242.0,0,18,2,1
89.6,0,22,3,3
112.0,0,20,0,2
115.0,0,15,4,1
220.0,0,20,0,1
70.0,0,13,3,1
336.0,0,21,4,1
143.0,0,19,4,2
537.6,0,9,4,4
154.0,0,11,2,1
352.0,0,19,1,1
36.66,0,12,3,1
78.4,0,21,0,1
95.2,0,0,2,3
43.7,0,13,0,1
172.5,1,23,2,8
88.0,0,18,3,1
62.1,0,12,2,1
184.0,0,10,6,1
138.0,0,20,1,1
115.0,0,20,1,1
352.0,0,15,2,2
1320.0,0,19,5,1
57.5,1,15,1,6
92.0,0,9,5,1
228.0,0,2,5,1
69.0,0,14,2,1
88.0,0,10,0,2
228.37,0,23,4,1
46.0,0,20,3,1
55.0,0,23,0,1
46.0,1,17,3,4
308.0,0,13,1,1
45.2,0,19,0,2
132.0,0,2,5,1
18.34,0,18,3,2
308.0,0,18,4,1
121.0,0,10,3,1
78.4,0,15,2,2
44.0,0,12,4,1
121.0,0,22,2,1
69.0,0,13,1,1
345.5,0,17,2,1
49.5,0,22,3,2
165.0,0,16,0,1
264.0,0,17,2,3
172.5,0,23,3,1
123.2,0,21,2,1
313.6,0,13,2,1
168.0,0,19,1,1
220.0,0,11,3,1
143.0,0,12,5,2
70.0,0,18,4,1
15.0,0,0,5,1
89.6,0,2,4,1
630.0,0,10,0,1
134.4,0,12,1,3
88.0,0,15,4,1
92.0,0,13,4,1
132.0,0,22,0,1
92.0,0,23,6,1
37.42,0,18,1,1
168.0,0,19,6,3
110.0,0,15,0,1
5.0,0,10,6,1
78.4,0,13,0,2
154.0,0,15,3,2
92.0,0,23,2,1
154.0,0,14,1,1
286.0,0,15,4,1
92.0,0,17,1,1
154.0,0,14,1,2
57.5,0,19,0,1
44.0,0,16,3,1
20.0,0,14,6,1
89.6,0,20,4,1
46.69,0,11,4,1
198.0,0,9,2,1
69.0,0,21,2,1
10.0,0,21,5,2
143.0,0,23,3,1
99.0,0,2,3,2
16.5,0,19,3,1
103.5,0,14,4,1
121.0,0,19,3,4
16.5,0,20,0,1
250.0,0,13,0,1
34.5,0,12,4,1
95.0,0,15,5,2
104.5,0,19,6,1
23.0,0,13,4,1
78.4,0,12,2,1
40.5,0,11,2,1
44.8,0,13,0,1
132.0,0,17,4,3
99.0,0,20,4,3
115.5,0,10,3,2
230.0,0,19,2,1
132.0,0,14,5,1
40.0,0,18,5,3
172.5,1,15,4,20
240.0,0,13,2,1
276.0,0,13,2,1
104.5,0,18,0,1
258.5,0,20,1,1
55.0,0,19,1,2
132.0,0,9,4,1
268.8,0,15,3,2
20.0,0,11,1,1
20.0,0,9,3,2
99.0,0,11,3,3
73.07,0,12,0,1
134.4,0,13,2,1
16.5,0,12,3,2
132.0,0,19,3,1
89.6,0,16,1,1
154.0,0,10,2,1
176.0,0,20,3,1
880.0,0,14,3,2
66.0,0,15,3,1
630.0,0,10,0,1
148.5,0,20,6,1
66.0,0,18,0,1
154.0,0,17,0,4
115.0,0,16,4,1
143.0,0,1,5,1
187.0,0,21,2,1
19.74,0,20,6,1
117.6,0,10,3,1
70.03,0,9,0,1
103.5,0,10,2,1
99.0,0,17,4,1
46.69,0,12,4,1
115.0,0,18,6,1
34.5,0,10,3,1
156.8,1,5,3,1
110.0,0,22,1,1
16.5,0,9,1,2
36.0,0,16,5,2
88.0,0,9,3,1
27.5,0,19,0,1
345.0,0,22,4,3
55.0,0,20,4,1
33.0,0,17,5,1
23.0,0,19,3,2
91.35,0,23,4,1
156.8,0,12,6,1
224.0,0,23,1,2
1060.0,0,18,3,1
69.0,0,9,5,1
120.75,0,13,3,2
78.4,0,14,4,2
88.0,0,18,4,2
92.0,0,17,2,1
99.0,0,16,3,1
20.0,0,21,3,1
77.0,0,22,1,3
308.0,0,15,3,2
134.4,0,14,2,1
39.07,1,16,1,8
176.0,0,10,3,1
82.5,0,22,2,1
10.0,0,17,1,1
28.75,0,0,5,2
134.4,0,11,0,1
112.0,0,17,6,3
78.4,0,9,1,2
39.07,1,19,0,7
110.0,0,15,2,1
40.0,0,9,4,1
46.0,0,13,1,1
440.0,0,18,4,1
112.0,0,17,0,2
34.5,0,15,0,1
156.8,0,15,5,1
55.0,0,21,4,1
121.0,0,13,4,1
286.0,0,10,0,2
77.0,0,22,3,1
92.0,0,15,3,1
143.0,0,16,6,1
121.0,0,9,4,1
69.0,0,23,0,2
33.0,0,21,4,1
16.5,0,10,5,1
220.0,0,13,2,1
23.0,0,21,2,1
154.0,0,8,4,2
154.0,0,20,0,1
60.0,0,8,1,1
275.0,0,14,5,1
56.0,0,17,3,2
60.0,0,12,1,1
231.0,0,9,2,1
10.0,0,8,5,1
63.46,0,12,6,1
143.0,0,19,2,1
31.59,0,14,4,1
78.4,0,11,3,3
62.1,0,14,1,1
132.0,0,13,4,1
55.0,0,18,1,2
104.5,0,11,3,3
190.4,1,23,6,10
156.8,0,14,0,3
104.5,0,14,1,1
124.2,0,13,4,1
10.0,0,10,2,1
34.5,0,19,0,1
132.0,1,18,4,5
95.2,0,12,3,1
46.0,0,13,3,1
121.0,0,23,0,1
10.0,0,9,4,1
93.15,0,8,5,1
78.4,0,13,0,1
110.0,0,18,1,1
224.0,0,21,0,1
207.0,1,12,0,2
57.5,0,15,3,2
104.5,0,15,1,2
308.0,0,19,4,1
89.6,0,21,0,1
132.0,0,16,4,1
156.8,0,16,4,1
148.5,0,21,6,1
132.0,0,17,4,1
34.5,0,18,5,1
672.0,0,21,4,2
99.0,0,20,4,2
150.0,0,8,4,1
78.4,0,12,0,2
88.0,0,16,4,1
88.0,0,11,5,1
286.0,0,21,6,2
77.0,0,9,3,1
55.0,0,21,1,1
110.0,1,12,5,20
10.0,0,3,2,1
99.0,0,19,4,1
172.75,0,16,1,2
154.0,0,20,3,1
286.0,0,22,4,1
78.4,0,12,1,2
198.0,0,14,3,1
86.0,0,8,3,2
715.0,0,17,0,1
1060.0,0,23,3,1
92.0,0,19,4,1
198.0,0,21,2,1
112.0,0,9,2,1
34.5,1,17,0,1
15.0,0,16,0,1
77.0,0,21,0,1
15.0,0,13,3,3
10.0,0,18,6,1
77.0,0,22,1,1
25.0,0,22,2,1
190.4,0,12,2,1
115.0,0,16,0,1
134.4,0,22,6,1
93.37,0,18,1,1
78.4,0,8,3,5
201.25,1,22,0,4
49.5,0,13,0,1
89.6,0,13,0,1
121.0,0,22,1,1
88.0,0,20,3,1
104.5,0,13,3,3
77.0,0,13,0,1
246.6,0,15,1,1
88.0,0,12,5,1
250.0,1,16,6,20
103.5,0,22,3,1
70.03,0,17,1,1
5.0,0,18,3,1
264.0,0,8,4,1
414.0,0,17,2,4
78.4,0,9,1,1
16.5,0,16,2,1
99.0,0,11,4,1
55.0,0,14,4,1
33.0,0,14,5,1
69.0,0,23,2,1
297.0,0,23,3,2
16.5,0,22,5,2
78.4,0,19,3,3
451.0,0,22,3,1
16.5,0,19,2,1
143.0,0,21,5,2
154.0,0,2,3,1
99.0,0,11,4,1
23.0,0,11,1,1
34.5,0,20,5,3
110.0,0,14,4,2
46.0,0,19,3,3
92.0,0,9,2,1
145.6,0,11,2,1
80.0,1,22,3,2
132.0,0,15,2,1
198.0,0,22,4,1
46.0,0,15,1,1
250.0,0,22,5,1
132.0,0,18,0,2
70.03,0,16,4,3
345.5,0,23,2,1
143.0,0,17,0,1
46.0,1,16,4,6
33.0,0,17,3,2
109.61,0,13,4,1
27.5,0,0,2,1
44.0,0,14,2,2
77.0,0,13,1,2
105.0,0,15,6,1
145.6,0,21,4,1
100.8,0,14,0,5
120.0,0,19,0,1
145.6,0,11,1,1
172.5,1,23,2,8
23.0,0,21,3,2
70.0,0,18,5,6
264.0,0,21,4,2
220.0,0,9,4,1
115.0,0,12,0,1
16.5,0,10,1,2
110.0,1,13,5,20
67.2,0,12,3,1
231.0,0,10,1,1
46.69,0,17,3,1
33.0,0,12,5,1
55.0,0,11,2,2
89.6,0,9,4,1
55.0,0,22,1,1
34.5,0,18,0,2
110.55,0,16,4,1
115.0,0,18,5,1
120.0,0,21,5,2
46.0,1,15,0,8
172.5,0,20,1,1
201.25,0,18,0,1
179.2,0,9,1,2
15.0,0,10,1,1
121.0,0,19,0,1
20.0,0,11,4,1
308.0,0,22,0,1
34.5,0,12,2,1
46.0,0,11,4,1
110.0,0,14,2,2
110.0,0,15,4,1
154.0,0,16,4,1
99.0,0,22,1,1
44.8,0,16,2,1
179.2,0,17,4,2
23.0,0,0,4,2
126.5,1,9,4,8
48.72,0,15,2,1
88.0,0,16,4,3
132.25,0,22,0,1
77.0,0,10,0,3
154.0,0,16,2,1
86.0,0,20,5,1
88.0,0,8,3,1
198.0,0,20,2,1
92.0,0,9,0,1
224.0,0,18,2,1
46.69,0,11,2,1
143.0,0,23,4,1
72.0,0,12,1,1
78.4,0,14,2,1
92.0,0,20,3,1
20.0,0,20,2,2
36.66,0,8,1,1
10.0,0,15,3,2
122.81,0,22,3,2
104.5,0,17,4,1
112.0,0,18,4,1
172.5,0,22,3,1
132.0,0,13,4,1
172.5,1,23,2,8
110.0,0,10,4,3
78.4,0,22,3,1
46.0,0,18,5,1
55.0,1,0,5,1
154.0,1,16,0,3
105.0,0,15,5,2
286.0,0,0,5,2
5.0,0,13,6,2
115.0,0,11,3,1
138.0,0,14,1,1
304.75,1,1,2,2
88.0,0,9,3,1
55.0,0,14,3,1
572.0,0,23,2,2
142.5,0,18,2,1
275.0,0,10,5,1
30.0,0,11,1,1
88.0,0,21,4,2
30.0,0,22,0,1
70.0,0,14,1,1
154.0,0,19,0,1
112.0,0,18,2,2
156.8,0,11,5,2
515.2,0,16,2,1
99.0,1,20,3,2
99.0,0,20,3,1
23.0,0,13,5,1
220.0,1,21,2,8
123.3,0,15,6,2
34.5,0,18,3,1
50.75,0,17,0,1
99.0,0,10,2,1
99.0,0,21,3,1
154.0,0,16,2,1
25.0,0,18,5,1
103.5,0,15,2,1
104.5,0,0,5,1
104.5,0,18,4,2
88.0,0,22,3,1
45.2,0,21,1,1
330.0,0,23,0,1
57.5,0,13,2,5
308.0,0,8,4,1
69.0,0,20,5,5
84.0,0,18,3,1
165.0,0,21,4,2
123.3,0,13,0,1
77.0,0,21,3,2
209.0,0,15,4,1
92.0,0,20,3,1
352.0,0,20,0,1
132.0,0,13,2,1
550.0,0,13,2,1
88.0,0,12,3,2
460.0,0,10,1,1
143.0,0,12,5,1
110.0,0,23,3,1
92.0,0,11,1,1
231.0,0,0,0,1
70.0,0,13,4,1
55.0,0,10,4,1
253.0,0,22,5,1
77.0,0,20,4,2
187.0,0,10,1,1
440.0,1,12,5,2
99.0,0,15,2,1
46.0,0,9,4,1
402.5,0,22,0,1
16.5,0,14,0,1
121.79,0,22,4,2
88.0,0,20,2,1
99.0,0,20,4,1
143.0,0,17,0,1
100.0,0,9,1,1
46.0,0,14,3,1
66.0,0,10,2,1
46.0,0,0,3,3
154.0,0,23,3,1
69.0,0,18,3,1
120.0,0,18,6,1
45.0,0,17,2,2
370.0,0,21,1,2
121.0,0,1,4,1
161.0,0,15,1,1
67.2,0,12,3,2
830.0,0,14,0,1
112.0,0,12,0,1
17.51,0,16,4,1
123.2,0,19,4,1
264.0,1,23,4,2
25.0,0,15,3,1
89.6,0,23,1,4
20.0,0,8,4,1
55.0,0,10,2,1
99.0,0,21,4,1
145.6,0,9,2,1
88.0,0,17,4,3
99.0,0,21,4,1
31.05,0,15,2,1
89.6,0,20,0,2
57.5,1,19,3,4
46.0,0,19,4,1
46.69,0,23,2,1
235.2,0,14,5,1
44.8,0,17,1,1
33.0,0,20,2,1
88.0,0,21,2,3
70.03,0,13,5,1
480.0,0,14,2,1
34.5,0,14,4,1
138.0,0,15,3,1
92.0,0,21,2,6
134.4,0,21,0,2
78.4,0,14,0,2
176.0,0,18,1,1
78.4,0,11,0,2
60.0,0,15,4,1
132.25,0,11,1,1
34.5,0,0,1,1
35.0,0,14,5,2
35.0,0,20,4,1
69.0,0,18,4,1
15.0,0,13,5,1
224.0,0,10,0,1
286.0,0,12,4,1
78.4,0,9,3,2
132.0,0,23,2,1
77.0,0,20,3,1
89.6,0,16,4,5
15.0,0,18,6,1
19.74,0,16,0,1
115.0,0,20,4,1
77.0,0,14,4,1
40.0,0,19,1,1
88.0,0,11,2,2
156.8,0,11,3,1
10.0,0,11,1,1
198.0,0,17,4,1
89.6,0,23,2,1
33.0,0,21,6,1
99.0,0,13,3,1
78.4,0,10,1,1
112.0,0,22,4,1
69.0,0,21,4,1
134.4,0,10,1,1
15.0,0,23,2,1
99.0,0,17,3,2
145.6,0,10,3,1
132.0,0,16,4,1
35.0,0,12,4,2
55.0,0,20,0,1
55.0,0,23,6,1
161.0,0,17,6,1
172.5,0,21,4,1
224.0,0,15,4,1
5.0,0,20,6,1
15.0,0,22,1,1
143.0,0,14,4,1
154.0,1,15,0,8
46.0,0,23,1,1
10.0,0,17,0,1
23.0,0,13,3,1
286.0,0,22,1,1
143.0,0,16,6,1
103.5,0,15,2,1
71.75,0,14,0,1
5.0,0,18,5,2
179.2,0,22,0,1
84.0,0,22,0,1
69.0,0,21,0,1
29.34,0,14,3,1
82.5,0,16,2,1
20.0,0,18,1,1
230.0,0,19,5,1
44.0,0,9,2,2
132.0,0,21,4,1
34.5,0,12,1,2
77.0,0,17,3,2
220.0,0,17,4,1
308.0,0,18,4,1
31.59,0,21,3,1
52.5,0,9,5,1
143.0,0,9,5,1
92.0,0,10,0,1
78.4,0,0,4,1
99.0,0,16,4,2
27.5,0,22,0,1
46.69,0,9,0,1
154.0,0,15,0,1
143.0,0,22,5,1
10.0,0,11,1,1
70.0,0,18,5,6
280.0,0,11,5,2
154.0,0,2,4,1
308.0,0,18,1,1
77.0,0,19,4,1
27.63,0,21,4,1
110.0,0,20,1,2
172.5,0,16,3,5
187.0,0,16,5,4
207.0,1,21,2,1
78.4,0,18,1,2
55.0,0,19,1,2
10.0,0,15,5,1
360.0,0,18,1,1
209.0,0,21,0,1
70.0,0,19,0,1
154.0,0,23,3,1
154.0,0,16,4,1
55.0,0,15,6,2
80.0,1,0,4,2
40.0,0,15,3,1
49.5,0,22,2,1
220.0,0,23,3,1
58.36,0,18,2,1
103.5,0,16,0,1
2419.2,0,10,3,1
145.6,0,13,1,2
132.0,0,9,2,2
90.4,0,22,2,3
99.0,0,18,4,1
154.0,0,8,4,1
132.0,1,13,4,6
420.0,1,3,5,5
630.0,0,10,0,1
190.4,1,23,6,10
138.0,0,22,4,1
93.5,0,18,3,1
143.0,0,14,1,1
89.6,0,14,2,3
92.0,0,15,4,1
154.0,0,13,3,1
46.0,0,15,4,1
112.0,0,19,1,1
138.0,0,21,2,2
92.0,0,15,1,1
69.0,1,2,4,2
49.43,0,0,6,1
172.5,0,21,3,4
104.5,0,22,2,1
92.0,0,16,3,1
15.0,0,13,0,1
264.0,0,13,3,1
190.4,1,15,2,5
93.37,0,19,4,1
46.0,0,20,0,1
352.0,0,21,3,1
55.0,0,16,4,1
16.5,0,11,4,1
54.0,0,8,2,2
154.0,1,15,0,8
230.0,0,20,2,1
55.0,0,21,0,1
44.0,0,14,3,1
345.5,0,21,2,1
134.4,1,16,0,1
115.0,0,8,3,2
154.0,0,18,1,2
156.8,0,19,0,2
257.6,0,22,1,1
168.0,0,15,1,1
154.0,0,11,4,1
440.0,0,1,2,1
55.0,0,22,4,2
123.3,0,17,4,1
20.0,0,11,6,1
414.0,0,15,2,1
140.0,0,15,6,1
143.0,0,8,1,1
168.0,0,14,1,1
67.2,0,14,0,3
104.5,0,15,0,1
80.5,0,19,1,1
49.5,0,14,3,1
540.0,0,19,5,1
230.0,0,18,5,1
49.5,0,22,2,1
224.0,0,12,0,1
115.0,0,9,3,1
88.0,0,9,3,3
2141.94,0,19,5,1
100.8,0,10,4,2
120.75,0,13,3,2
100.8,0,14,4,1
16.5,0,22,4,1
70.0,0,15,2,1
110.0,0,19,0,1
15.0,0,18,5,2
69.0,0,11,1,1
80.5,0,10,1,1
57.5,1,0,3,3
30.0,0,11,1,1
20.0,0,16,4,1
16.5,0,19,5,1
132.0,0,22,2,1
425.6,0,21,1,1
22.0,0,13,4,1
34.5,0,19,4,1
15.0,0,12,1,1
150.0,0,14,5,1
112.0,0,22,0,3
148.5,0,10,0,2
78.4,0,11,1,1
100.8,0,15,1,2
291.2,0,19,3,1
15.0,0,16,2,1
258.5,0,21,3,1
78.28,0,0,3,2
115.0,0,11,1,1
88.0,0,15,3,2
60.0,0,20,3,1
58.36,0,20,2,2
132.0,0,22,4,1
78.4,0,10,3,1
55.0,0,15,3,3
10.0,0,19,4,1
25.0,0,10,2,1
5.0,0,18,0,1
154.0,0,22,0,1
44.42,0,15,4,1
154.0,0,14,1,1
27.91,0,20,0,1
10.0,0,14,3,1
34.5,0,11,4,2
207.0,0,15,2,1
39.07,0,0,3,1
172.5,0,18,3,1
143.0,0,19,6,1
96.0,0,23,0,2
40.0,0,9,2,1
78.4,0,19,2,1
57.5,1,15,3,6
176.0,0,19,0,1
134.4,0,14,2,2
154.0,1,16,0,3
154.0,0,18,4,1
176.0,0,14,0,2
156.8,0,14,0,1
95.2,0,18,4,1
99.0,0,9,5,1
46.0,0,20,3,1
550.0,1,11,5,1
33.0,0,19,6,1
172.5,0,21,4,1
78.4,0,10,0,1
352.0,0,23,2,1
23.0,0,14,6,1
78.4,0,11,0,3
46.0,0,14,2,1
241.5,0,12,3,1
187.0,0,18,3,3
31.59,0,0,2,1
69.0,0,17,1,1
80.5,0,21,2,1
121.0,0,23,3,1
20.0,0,13,4,1
89.6,0,14,1,1
143.0,0,17,4,2
120.75,0,13,3,1
57.5,0,14,1,4
121.0,0,9,3,1
112.0,0,22,2,5
126.5,1,9,4,8
176.0,0,16,4,1
103.5,0,15,2,2
88.0,0,14,4,1
224.0,0,12,0,1
59.22,0,17,2,1
89.6,0,12,3,3
319.0,0,12,1,1
20.0,0,10,6,2
46.0,0,14,4,1
21.6,0,10,3,1
220.0,0,18,6,1
88.0,0,19,4,1
112.0,0,0,4,1
46.0,0,17,5,1
275.0,0,17,1,1
56.0,0,20,2,1
134.4,0,20,5,1
134.4,0,22,2,1
99.0,0,17,3,2
23.0,0,16,4,1
67.2,0,11,4,2
134.4,0,11,1,3
66.0,0,19,0,1
99.0,0,9,3,1
69.0,0,23,1,1
78.4,0,15,2,1
55.0,0,16,6,2
46.0,0,16,3,1
156.8,0,15,0,1
630.0,0,10,0,1
20.0,0,18,5,2
104.5,0,16,0,1
713.98,0,19,5,1
99.0,0,19,3,1
379.5,0,10,2,1
134.4,0,14,0,1
179.2,0,23,0,1
50.0,0,14,4,2
308.0,0,14,4,1
33.0,0,16,4,2
104.5,0,16,3,2
10.0,0,11,4,1
73.07,0,18,5,1
154.0,0,20,3,1
132.0,0,19,2,2
70.0,0,21,5,2
46.0,1,17,4,6
105.0,0,20,4,2
55.0,0,18,0,2
78.4,0,13,3,2
46.0,0,0,4,2
154.0,0,21,3,1
99.0,0,14,0,1
138.0,0,13,3,2
30.0,0,10,3,1
77.0,0,19,2,1
23.0,0,23,4,2
15.0,0,16,2,1
67.2,0,2,4,2
10.0,0,8,0,1
23.0,0,17,6,1
143.0,0,10,2,1
19.74,0,21,0,1
34.5,0,15,4,2
70.0,0,7,1,2
67.2,0,20,2,1
110.0,0,19,2,4
44.8,0,19,0,1
70.0,0,22,4,1
123.3,0,23,6,1
77.0,0,11,3,2
132.0,0,23,4,1
26.44,0,15,1,7
156.8,0,12,5,1
121.0,0,17,4,3
330.0,0,21,3,2
15.0,0,12,1,1
46.0,0,16,0,1
100.8,0,8,1,2
20.0,0,13,5,1
121.0,0,14,0,2
49.43,0,21,5,1
67.2,0,18,0,1
132.0,0,3,5,2
268.9,0,23,1,1
46.0,0,17,4,2
92.0,0,19,2,2
116.73,0,13,5,1
154.0,0,19,0,1
31.05,0,19,2,1
70.0,0,12,1,1
99.0,0,15,3,1
134.4,0,14,0,1
420.0,1,3,5,5
121.0,0,16,2,1
112.0,0,16,0,1
110.0,0,19,6,1
46.0,0,10,0,1
46.0,0,19,4,2
280.0,0,19,6,1
134.4,0,23,2,2
112.0,0,19,1,1
46.0,0,20,3,1
138.0,0,20,0,1
184.0,0,20,4,1
304.75,1,12,1,4
23.0,0,14,4,1
345.5,0,17,1,1
104.5,0,14,4,1
100.0,0,21,0,1
110.0,0,14,0,1
112.0,0,19,4,1
138.0,0,20,3,1
57.5,0,17,2,1
46.0,0,16,4,1
201.6,0,19,4,1
132.0,0,23,3,1
190.4,0,20,5,2
123.3,0,21,1,1
46.69,0,17,0,1
176.0,0,10,3,1
280.0,0,20,2,1
134.4,0,17,1,1
166.0,0,21,2,1
132.0,0,7,4,2
138.0,0,20,3,1
5.0,0,14,5,3
29.34,0,22,3,1
10.0,0,17,3,1
418.0,1,17,5,4
33.0,0,17,4,1
115.5,0,10,3,1
112.0,1,20,1,5
144.0,0,13,2,2
45.2,0,23,3,1
103.5,0,12,2,3
16.5,0,15,4,1
78.4,0,22,0,2
184.0,0,22,5,1
104.5,0,10,2,1
86.27,0,21,5,2
667.0,1,23,1,5
46.0,0,15,4,1
140.0,0,23,3,1
154.0,0,14,1,1
77.0,0,18,4,1
198.0,0,13,1,1
154.0,1,15,0,8
182.69,0,13,5,6
34.5,0,0,3,1
143.0,0,18,1,3
99.0,0,20,2,1
55.0,0,18,3,1
112.0,0,19,4,5
154.0,0,22,2,1
198.0,0,10,2,1
78.4,0,17,0,1
250.0,1,16,6,20
50.0,0,11,0,2
77.0,0,17,3,2
190.4,0,8,3,1
46.0,0,13,2,1
201.25,0,19,0,2
242.0,0,9,3,1
55.0,0,20,1,2
16.5,0,19,3,2
240.0,0,18,3,1
187.0,0,19,2,1
179.2,0,13,5,1
132.0,0,21,4,1
82.5,0,13,1,1
138.0,0,20,6,1
154.0,0,19,3,2
99.0,0,19,3,1
15.0,0,22,4,1
15.0,0,23,5,2
35.0,0,12,1,1
352.0,0,18,0,1
10.0,0,12,4,1
132.0,0,19,3,2
100.8,0,1,1,3
207.0,1,20,4,1
201.6,0,16,4,2
154.0,0,17,4,1
34.5,0,18,3,2
134.4,0,19,2,1
10.0,0,2,6,1
172.5,0,23,6,1
100.8,0,11,3,1
5.0,0,16,2,1
138.0,0,20,0,1
88.0,0,12,4,2
143.0,0,11,1,1
448.0,0,11,0,1
203.92,0,18,3,5
154.0,0,21,2,1
132.0,0,20,6,1
179.2,0,21,0,1
143.0,0,21,6,1
143.0,0,16,5,1
77.0,0,14,2,1
53.0,0,19,0,1
104.5,0,13,0,1
34.5,0,16,3,1
143.0,0,16,5,1
352.0,0,23,0,2
84.0,0,23,0,2
78.4,0,11,0,1
462.0,0,9,2,1
78.4,0,14,1,1
110.0,0,15,0,2
166.0,0,20,2,1
308.0,0,22,3,1
92.0,0,10,2,1
24.0,0,8,4,1
20.0,0,9,2,1
132.0,0,14,3,1
20.0,0,15,3,1
207.0,1,23,1,7
304.75,0,18,1,1
78.4,0,14,4,2
23.0,0,20,2,1
23.0,0,23,3,1
132.0,0,16,4,2
70.0,0,14,5,2
154.0,0,21,2,1
160.0,0,15,5,1
105.0,0,12,4,1
448.0,0,22,5,4
23.0,0,23,3,2
78.4,0,18,0,2
134.4,0,12,1,1
78.4,0,15,0,2
115.5,0,10,3,1
77.0,0,20,6,1
23.0,0,13,0,4
94.03,0,10,5,4
38.5,0,21,3,1
55.0,0,19,4,1
92.0,0,13,4,1
88.0,0,21,2,1
10.0,0,23,5,2
92.0,0,23,6,1
110.0,0,17,3,1
89.6,0,15,1,4
224.0,0,7,1,1
190.4,0,18,3,2
10.0,0,16,5,2
92.0,0,14,6,1
70.0,0,21,2,1
145.6,0,12,1,2
100.8,0,11,5,2
110.0,0,0,5,1
20.0,0,17,3,1
504.0,0,19,0,1
79.5,0,10,2,3
35.2,0,9,2,1
121.0,0,15,3,1
112.0,0,11,0,1
34.5,0,8,3,1
49.5,0,0,4,1
112.0,0,20,1,1
460.0,1,12,0,3
154.0,0,20,0,2
92.0,0,12,4,1
154.0,0,16,3,1
27.0,0,12,5,1
660.0,0,10,0,1
55.0,0,19,1,1
57.46,0,19,5,1
123.3,0,0,3,1
104.5,0,14,0,1
95.2,1,16,5,4
126.5,0,22,4,1
230.0,0,17,5,2
72.0,0,23,5,3
88.0,0,19,1,1
276.0,0,20,3,1
88.0,0,14,4,1
231.0,0,23,3,1
110.0,0,14,4,1
143.0,0,0,0,1
110.0,0,15,1,1
110.0,0,11,0,2
132.0,0,11,1,1
235.2,0,17,5,1
78.4,0,20,1,1
78.4,0,0,1,1
212.13,1,19,0,7
57.5,0,14,1,4
103.5,0,16,2,1
15.0,0,10,4,1
70.0,0,19,5,1
145.6,0,20,2,1
99.0,0,23,2,1
120.0,0,15,4,2
77.0,0,13,4,1
69.0,0,19,4,1
165.0,0,19,2,1
134.4,1,16,0,15
112.0,0,20,6,1
92.0,0,9,3,1
46.0,0,23,1,1
46.0,0,11,3,1
34.5,0,18,5,1
297.0,0,12,4,1
297.0,0,2,5,1
20.0,0,18,1,1
46.0,1,15,4,4
112.0,0,20,2,3
45.2,0,19,3,3
115.0,0,17,0,2
69.0,0,18,5,1
143.0,0,0,5,2
257.6,0,11,2,2
44.8,0,1,2,2
15.0,0,8,3,1
154.0,0,12,4,1
16.5,0,12,3,1
44.8,0,22,0,1
104.5,0,21,2,1
179.2,0,16,5,1
46.0,0,17,5,5
23.0,0,20,1,1
56.0,0,11,5,1
201.25,0,15,1,2
33.0,0,20,3,1
57.5,0,12,1,1
34.5,0,22,4,1
30.0,0,23,2,2
57.5,0,19,3,1
280.0,0,11,5,2
99.0,0,18,4,1
172.5,0,19,2,2
46.0,0,19,4,2
264.0,0,20,3,1
132.0,0,12,4,1
38.5,0,18,0,1
88.0,0,20,4,1
77.0,0,17,2,1
67.2,0,17,0,1
179.2,0,18,0,1
88.0,0,17,3,1
100.0,0,12,5,1
20.0,0,14,4,2
224.0,0,15,0,1
34.5,0,16,6,1
78.4,0,19,3,1
92.0,0,10,1,1
90.4,0,11,3,2
67.2,0,15,2,2
143.0,0,19,0,1
77.0,0,18,4,2
201.25,1,12,1,4
154.0,0,0,3,3
70.0,0,19,4,1
132.0,0,21,3,3
132.0,0,11,2,1
231.0,0,10,3,1
235.2,0,21,3,1
46.0,0,23,3,1
78.4,0,14,2,1
103.5,0,15,5,2
23.0,0,17,3,1
28.0,0,22,3,1
46.0,0,13,2,1
123.3,0,9,3,2
20.0,0,22,5,1
123.3,0,22,0,1
156.8,0,16,0,1
15.0,0,8,4,1
89.6,0,14,3,1
315.0,0,22,3,1
480.0,0,15,3,1
55.0,0,12,1,1
15.0,0,10,5,1
10.0,0,16,0,1
138.0,0,14,4,1
10.0,0,16,3,1
44.0,0,12,2,1
123.3,0,8,1,1
179.2,0,22,4,1
28.75,0,18,0,1
252.0,0,15,4,1
31.05,0,22,3,1
24.71,0,13,4,1
112.0,1,21,1,5
110.0,0,13,5,3
156.8,0,19,3,2
176.0,0,21,3,1
201.6,0,2,5,1
154.0,0,22,0,1
46.69,0,12,0,1
336.0,0,15,4,1
132.0,0,2,5,1
34.5,0,9,2,1
410.0,0,13,4,2
10.0,0,22,0,1
100.8,0,18,5,2
30.0,0,0,1,1
291.2,0,17,4,1
30.45,0,10,4,2
57.5,1,0,3,3
33.0,0,18,5,2
10.0,0,8,6,1
69.0,0,19,2,1
57.5,0,13,2,5
20.0,0,18,5,1
66.0,0,20,5,2
99.0,0,9,3,2
34.5,0,18,3,1
31.59,0,10,4,1
156.8,0,23,2,1
20.0,0,20,1,1
440.0,0,20,0,1
78.4,0,18,2,1
55.0,0,15,5,2
154.0,0,21,2,1
82.5,0,17,4,1
165.0,0,23,4,1
78.4,0,18,3,2
160.0,0,10,0,1
134.4,0,10,3,2
10.0,0,19,5,1
672.0,0,21,3,1
77.0,0,10,3,3
36.66,0,15,3,1
313.6,0,23,2,1
77.0,0,19,4,2
253.0,1,17,2,2
88.0,0,15,4,1
172.75,0,20,1,1
115.0,0,16,5,2
20.0,0,20,3,1
168.0,0,12,0,1
23.35,0,13,0,1
297.0,0,17,3,1
46.0,0,21,3,1
23.0,0,10,0,1
88.0,0,16,1,1
103.5,0,10,2,1
220.0,0,13,1,1
154.0,0,17,4,2
104.5,1,10,0,3
92.0,0,13,2,1
44.0,0,16,4,1
345.0,0,9,4,3
121.0,0,20,3,1
190.4,0,14,0,1
27.63,0,13,0,1
34.5,0,16,4,1
49.5,0,21,5,1
112.0,0,11,0,2
352.0,0,15,2,1
89.6,0,11,0,1
67.2,0,9,3,2
49.5,0,20,3,3
156.8,0,17,1,1
44.0,0,16,4,2
201.6,0,17,4,1
286.0,0,9,3,1
132.0,0,22,3,2
67.2,0,19,4,1
179.2,0,19,5,1
84.0,0,23,3,1
77.0,1,19,0,8
55.0,0,9,0,1
143.0,0,15,4,1
44.8,0,8,1,4
132.0,0,9,2,1
20.0,0,13,6,1
143.0,0,19,5,1
146.66,0,13,2,1
24.03,0,17,4,1
308.0,0,18,4,1
38.5,0,16,0,2
110.0,0,22,3,1
110.0,0,18,4,1
69.0,0,13,4,1
24.0,0,17,1,1
172.75,0,11,3,3
57.5,0,15,4,1
161.0,0,23,0,1
104.5,0,18,4,1
230.0,0,9,4,2
100.0,0,18,1,1
99.0,0,14,5,2
352.0,0,13,1,1
110.0,0,18,2,3
275.0,0,17,5,1
126.5,1,9,4,3
176.0,0,10,3,1
154.0,0,15,3,2
440.0,1,22,2,8
1.0,0,22,2,3
80.5,0,15,5,3
121.0,0,20,3,1
154.0,0,14,1,1
156.8,0,22,1,2
78.4,0,15,4,1
145.6,0,14,3,2
120.0,0,14,3,2
44.8,0,3,4,2
20.0,0,19,4,1
10.0,0,19,5,2
88.0,0,17,4,1
134.4,0,19,5,3
112.0,0,12,0,1
172.5,1,17,3,12
176.0,0,22,1,1
16.5,0,13,2,1
10.0,0,23,5,2
143.0,0,18,4,2
138.0,0,16,2,1
132.0,0,21,2,1
154.0,0,17,1,1
264.0,0,15,1,1
190.4,1,23,6,10
132.0,0,15,4,2
115.5,0,11,3,2
80.5,0,20,1,2
184.0,0,9,2,1
280.0,0,17,1,2
15.0,0,15,5,2
34.5,0,20,1,1
440.0,0,18,5,1
10.0,0,9,2,1
143.0,0,16,0,1
99.0,0,14,4,1
425.6,0,22,1,1
15.0,0,11,6,1
246.4,0,22,3,2
15.0,0,21,2,1
53.0,0,11,0,1
99.0,0,21,3,1
201.25,0,20,0,1
46.69,0,16,0,1
46.0,0,14,4,2
57.5,1,15,2,4
110.0,0,18,4,1
77.0,0,22,2,1
15.0,0,11,3,1
44.0,0,21,3,1
121.0,0,20,3,1
115.0,0,21,1,1
154.0,0,10,3,2
66.0,0,19,5,1
92.0,0,15,0,1
35.0,0,23,2,1
69.0,0,17,3,1
165.0,1,15,5,4
30.0,0,14,1,1
59.99,0,20,3,1
104.5,0,20,0,1
138.0,0,13,2,1
55.0,0,21,6,1
39.07,1,16,1,8
264.0,0,16,0,2
103.5,0,11,3,1
184.0,0,12,4,1
23.0,0,18,3,1
99.0,0,11,4,3
99.0,0,16,5,2
880.0,0,17,0,1
264.0,0,17,2,1
55.0,0,18,0,1
134.4,0,21,4,1
34.5,0,17,4,1
268.8,0,18,2,1
88.0,0,11,4,1
104.5,0,22,3,1
57.5,0,16,0,1
154.0,0,21,1,1
104.5,0,9,0,1
161.0,0,14,3,1
78.4,0,19,2,1
268.8,0,15,1,2
132.25,0,19,0,2
99.0,0,22,4,1
23.0,0,19,6,1
46.0,1,17,3,4
46.0,0,19,5,1
69.0,0,21,6,1
46.0,0,16,4,1
145.6,0,22,4,2
23.0,0,13,3,1
121.0,0,9,3,2
100.0,0,20,4,1
360.0,0,10,5,1
34.5,0,17,4,1
70.0,0,13,2,1
134.4,0,21,0,1
210.0,0,2,5,2
77.0,0,13,4,1
115.0,0,18,4,1
33.0,0,20,5,1
286.0,1,0,5,2
336.0,0,20,4,1
67.2,0,17,4,1
69.0,0,14,5,1
25.0,0,15,4,1
89.6,0,22,3,1
62.1,0,15,4,1
34.5,0,20,5,1
49.5,0,13,3,1
100.8,0,14,2,1
88.0,0,18,3,1
23.35,0,11,4,1
78.4,0,13,0,1
220.0,0,14,3,1
143.0,0,0,2,1
78.4,0,1,2,3
15.0,0,23,4,2
77.0,1,19,0,8
100.8,0,23,0,1
110.0,0,13,2,3
20.0,0,20,5,2
220.0,0,14,6,1
38.5,0,18,0,3
150.0,0,23,6,1
46.0,0,16,4,1
154.0,0,13,0,1
46.0,0,19,3,1
44.0,0,13,3,1
34.5,0,15,4,1
201.25,0,1,1,1
184.0,0,18,6,1
110.0,0,22,2,1
264.0,0,13,3,1
94.03,0,14,3,1
44.8,0,17,0,1
110.0,1,16,0,12
99.0,0,17,3,1
77.0,0,10,4,2
70.0,0,11,1,2
57.5,0,16,6,1
440.0,0,11,4,2
132.0,0,22,4,1
134.4,0,22,2,1
69.0,0,19,3,1
67.2,0,15,0,2
100.8,0,16,3,1
16.5,0,17,5,1
112.0,0,19,1,2
172.75,0,13,3,3
70.03,0,15,3,1
31.05,0,10,3,1
78.4,0,14,0,1
250.0,1,16,6,20
89.6,0,0,1,1
69.0,0,0,3,1
176.0,0,17,4,1
112.0,0,1,2,3
100.8,0,23,6,1
88.0,0,11,5,1
49.5,0,23,1,1
112.0,0,23,6,1
102.6,0,10,0,1
23.35,0,19,3,1
46.0,0,12,4,1
99.0,0,17,4,1
143.0,0,14,1,1
240.0,0,11,2,1
220.0,0,18,2,1
91.35,0,14,4,1
33.0,0,22,4,1
830.0,0,10,0,2
264.0,0,11,3,2
250.0,0,18,1,1
134.4,0,12,0,1
154.0,0,14,0,2
172.75,0,14,2,1
176.0,0,13,1,1
34.5,0,10,2,3
172.75,0,9,2,1
69.0,0,15,5,1
145.6,0,19,4,2
126.5,0,20,1,1
23.0,0,12,1,1
89.6,0,15,6,2
99.0,0,18,4,1
280.8,0,10,4,1
100.8,0,15,2,1
88.0,0,14,4,1
46.69,0,20,0,1
62.1,0,16,4,1
30.0,0,10,5,1
190.4,1,17,3,2
92.0,0,17,5,5
138.0,0,20,6,1
484.0,1,0,4,3
190.4,0,22,2,1
150.0,0,16,4,1
30.0,0,12,3,1
46.0,0,23,3,1
143.0,0,14,1,2
198.0,0,21,3,3
46.0,0,8,0,1
88.0,0,21,2,2
105.0,0,23,4,1
34.5,0,23,3,1
84.0,0,10,1,1
66.0,0,22,2,1
148.3,0,14,5,1
87.54,0,18,1,1
72.0,0,9,3,2
154.0,0,14,0,1
224.0,0,12,6,1
15.0,0,14,5,2
99.0,0,20,3,3
55.0,0,9,4,1
49.5,0,20,1,1
78.4,0,16,2,1
55.0,0,10,0,1
209.0,0,9,0,1
235.2,0,1,5,1
297.0,0,9,2,1
99.0,0,17,4,1
78.96,0,23,2,1
440.0,0,17,0,1
100.8,0,12,4,1
172.5,0,14,4,3
198.0,0,1,5,1
99.0,0,21,4,1
207.0,0,19,2,6
250.0,1,16,6,20
55.0,0,6,4,1
123.2,0,16,5,1
154.0,0,16,4,1
121.0,0,12,3,1
156.8,0,14,0,2
80.5,0,20,0,1
172.5,0,23,6,1
308.0,0,11,0,1
34.5,0,22,0,1
112.0,0,12,0,1
77.0,0,19,3,1
112.0,0,21,1,1
220.0,0,23,6,1
104.5,0,20,2,1
55.0,0,20,4,3
57.5,0,9,2,1
88.0,0,21,3,1
44.0,0,9,2,2
132.0,0,15,3,1
172.5,0,16,4,3
132.0,0,19,4,4
121.0,0,20,2,1
264.0,0,19,4,1
112.0,0,9,2,1
143.0,0,20,1,1
1260.0,0,10,0,1
34.5,0,18,3,1
104.5,0,23,0,1
45.2,0,23,6,1
110.0,0,11,3,1
69.0,0,15,1,1
99.0,0,10,4,1
132.25,0,21,0,1
100.8,0,12,5,5
132.0,0,19,4,1
143.0,0,10,5,1
89.6,0,21,6,1
96.42,0,20,5,2
179.2,0,9,0,1
104.5,0,17,0,2
138.0,0,11,2,1
154.0,0,14,1,1
75.52,0,20,0,2
88.0,0,18,3,1
70.0,0,23,2,1
145.6,0,21,4,1
104.5,0,14,4,3
55.0,0,22,0,1
207.0,1,16,2,3
99.0,0,19,3,1
220.0,0,17,4,1
20.0,0,23,1,1
49.5,0,13,3,1
121.0,0,22,3,2
220.0,0,22,4,2
78.4,0,12,5,1
88.0,0,15,3,5
140.07,0,18,0,1
69.0,0,15,4,1
20.0,0,13,6,2
34.5,0,21,3,2
44.8,0,13,0,1
99.0,0,20,1,1
92.0,0,12,4,1
336.0,0,12,0,1
77.0,0,20,3,2
402.5,0,21,4,1
308.0,0,23,0,4
72.0,0,13,1,1
18.34,0,16,3,1
224.0,0,23,2,1
99.0,0,14,4,1
144.0,0,15,4,1
143.0,0,16,6,1
168.0,0,9,2,1
10.0,0,11,5,1
46.43,0,18,1,1
260.0,0,9,4,1
110.0,0,20,4,1
46.0,0,16,1,2
190.4,0,10,3,2
99.0,0,22,4,1
112.0,0,19,2,1
126.5,1,9,4,8
134.4,0,19,5,1
336.0,0,20,0,1
34.5,0,19,5,4
330.0,1,15,4,1
99.0,0,18,4,1
10.0,0,9,0,1
24.03,0,17,6,1
69.0,0,16,4,1
55.0,0,19,2,1
77.0,0,21,0,4
23.0,0,20,6,1
161.0,0,20,3,1
192.5,0,13,3,2
506.0,1,23,1,5
88.0,1,11,5,1
80.0,0,12,6,2
46.0,0,22,2,2
88.0,0,17,4,1
168.0,0,1,5,2
156.8,0,15,5,1
5.0,0,13,1,2
57.5,0,15,4,1
27.5,0,12,3,1
69.0,0,15,4,1
154.0,0,16,0,1
257.6,0,14,2,1
241.5,0,15,3,1
69.0,0,19,3,2
374.0,0,9,2,1
57.5,0,11,1,1
10.0,0,9,1,1
304.75,0,15,1,2
99.0,0,9,4,1
44.0,0,16,0,2
38.5,0,18,3,1
154.0,0,0,2,2
66.0,0,12,4,2
103.5,0,10,2,2
20.0,0,12,1,1
78.4,0,6,1,1
78.4,0,18,0,2
99.0,0,21,3,1
172.5,0,17,3,1
253.0,0,9,0,1
88.0,0,21,2,1
106.4,0,21,0,1
45.0,0,21,4,1
123.2,1,16,5,9
33.0,0,22,3,1
560.0,0,15,1,1
20.0,0,8,1,1
88.0,0,3,4,3
46.0,0,23,3,1
224.0,0,23,6,1
100.8,0,21,0,1
224.0,0,14,1,1
830.0,0,16,0,1
55.0,0,23,1,1
368.0,0,17,0,1
134.4,0,8,3,2
154.0,0,11,2,1
78.4,0,7,1,2
38.5,0,22,0,1
92.0,0,20,0,1
67.2,0,20,6,3
209.0,0,12,2,1
67.2,0,6,0,1
160.0,1,0,4,2
99.0,0,10,2,1
104.5,0,19,1,1
77.0,0,22,5,2
34.5,0,20,2,1
308.0,0,14,4,1
88.0,0,0,1,2
418.0,1,3,5,5
20.0,0,12,0,1
13.99,1,6,2,10
20.0,0,10,3,1
43.42,0,19,5,2
55.0,0,17,4,3
154.0,0,22,3,1
123.3,0,20,5,1
49.5,0,7,5,1
154.0,0,17,0,1
264.0,0,21,4,1
33.0,0,17,4,1
110.0,0,18,1,1
99.0,0,19,2,1
190.4,0,17,2,3
138.0,0,22,5,1
132.25,0,18,0,1
132.0,0,12,3,1
308.0,0,16,4,1
154.0,0,21,3,2
89.6,0,8,0,1
132.25,0,20,0,1
257.6,0,9,1,4
380.8,0,23,0,1
10.0,0,20,5,2
10.0,0,11,1,1
23.0,0,11,5,2
172.5,0,20,2,1
110.0,0,21,6,1
30.0,0,14,4,1
126.5,1,9,4,8
30.0,0,11,6,1
440.0,0,10,3,1
154.0,0,19,3,1
66.0,0,20,6,1
36.66,0,9,6,2
20.0,0,11,1,1
330.0,1,16,3,2
360.0,1,22,3,5
100.8,0,19,1,1
103.5,0,12,6,1
34.5,0,16,4,1
34.5,0,12,3,2
46.0,0,19,1,1
172.5,0,15,4,2
57.5,0,10,1,2
154.0,0,16,2,1
172.5,0,21,4,1
69.0,0,23,2,2
33.0,0,22,4,1
275.0,0,17,0,2
45.0,0,18,4,1
88.0,0,12,4,1
154.0,0,15,2,2
198.0,0,19,5,1
156.8,0,17,0,1
190.4,1,16,4,20
34.5,0,1,4,3
88.0,0,13,4,3
92.0,0,12,1,1
5.0,0,19,4,2
187.0,0,9,2,1
180.0,1,22,3,5
66.0,0,17,1,1
209.0,0,18,4,1
143.0,0,13,0,2
104.5,0,14,4,1
38.5,0,1,2,2
154.0,1,13,4,4
121.0,0,14,4,2
84.0,0,10,0,1
104.5,0,19,6,1
115.0,0,11,2,1
104.5,0,14,0,3
15.0,0,15,0,1
224.0,0,16,0,2
57.5,0,19,0,1
89.6,0,15,4,1
112.0,1,11,3,3
478.5,0,9,4,1
112.0,0,12,0,1
154.0,0,8,1,1
132.0,0,14,3,1
34.5,0,15,3,2
264.0,0,19,1,1
110.0,0,9,4,1
396.0,0,15,6,1
330.0,1,19,4,1
10.0,0,8,4,1
92.0,0,12,1,1
99.0,0,17,3,1
93.15,0,10,4,1
201.6,0,13,4,2
156.8,0,12,0,1
477.5,0,19,0,1
77.0,0,18,4,1
156.8,0,11,0,1
25.0,0,17,3,1
44.0,0,21,2,1
18.88,0,11,5,1
15.0,0,14,5,2
10.0,0,13,2,1
313.6,0,19,1,1
132.0,0,8,4,1
154.0,0,0,4,2
418.0,1,15,5,3
23.0,0,12,4,1
17.24,1,2,1,3
70.03,0,19,3,2
80.5,0,17,4,1
259.2,0,17,6,1
92.0,0,14,3,1
161.0,0,11,5,1
105.0,0,15,5,2
31.59,0,14,2,1
69.0,0,20,5,1
93.15,0,20,6,1
95.2,0,18,1,2
132.0,0,9,2,1
132.25,0,21,1,1
190.4,0,22,6,1
46.0,0,14,4,1
403.2,0,19,4,2
78.4,0,23,1,1
201.25,0,21,0,1
156.8,0,10,5,1
89.6,0,13,0,1
89.6,0,12,0,1
112.0,0,14,0,1
201.25,1,22,0,4
103.5,0,17,2,1
34.5,0,17,5,1
110.0,0,23,5,1
35.53,0,18,5,6
15.0,0,12,6,1
112.0,0,8,1,1
46.0,0,16,4,1
103.5,0,14,2,1
73.34,0,18,5,1
46.0,0,11,4,2
99.0,0,9,3,1
39.07,1,16,1,8
112.0,0,20,0,1
20.0,0,11,1,1
190.4,0,13,3,5
172.5,1,15,4,20
55.0,0,22,1,1
104.5,0,6,2,1
46.0,0,17,4,1
31.05,0,15,5,1
207.0,0,21,2,1
110.0,0,20,5,2
48.0,0,13,2,2
60.0,0,20,2,3
57.5,0,15,4,1
43.0,0,15,5,2
55.0,0,21,2,1
153.0,1,6,2,10
103.5,0,14,2,1
69.0,0,17,5,3
462.0,0,11,1,1
506.0,0,18,0,2
201.25,0,18,0,1
99.0,0,9,3,3
89.6,0,23,2,1
62.1,0,14,0,1
100.8,0,16,0,1
10.0,0,10,5,1
112.0,0,22,1,3
26.5,0,15,4,1
88.0,0,16,3,3
126.5,0,10,2,1
302.4,0,13,5,1
70.4,0,17,1,1
115.0,0,14,1,1
115.0,0,22,6,1
246.6,0,14,1,2
168.0,0,1,5,1
15.0,0,23,2,1
89.6,0,23,1,1
35.0,0,15,4,1
80.5,0,20,0,1
190.4,0,12,0,1
154.0,0,22,0,1
99.0,0,11,4,1
20.0,0,9,0,1
143.0,0,22,3,1
80.5,0,13,4,1
67.2,0,15,5,2
55.0,0,23,3,1
55.0,0,11,3,2
15.0,0,13,0,1
72.0,0,14,1,2
78.4,0,21,2,1
165.0,0,17,4,1
207.0,1,17,5,2
117.6,0,15,5,1
92.0,0,11,3,1
172.5,0,22,4,2
126.5,0,15,5,2
80.5,0,10,3,2
138.0,0,15,1,1
121.0,0,14,4,1
168.0,0,18,0,1
92.0,0,9,1,1
134.4,0,20,2,1
440.0,1,23,0,12
88.0,0,21,3,1
172.54,0,21,2,1
49.5,0,18,1,1
112.0,0,8,3,1
69.0,0,19,5,2
84.0,0,17,5,1
110.0,0,13,0,3
55.0,0,0,4,4
154.0,0,13,2,5
156.8,0,20,4,2
104.5,0,22,3,1
31.59,0,10,0,1
115.5,0,11,2,1
121.0,0,17,2,3
99.0,0,16,5,2
143.0,0,13,0,1
78.4,0,11,1,1
23.0,0,13,4,2
180.0,0,21,2,1
138.0,0,16,4,1
143.0,0,18,1,1
121.0,0,14,4,2
20.0,0,0,4,1
46.0,0,17,3,2
83.0,0,8,1,1
69.0,0,19,6,1
46.0,0,16,2,1
52.5,0,20,4,1
15.0,0,10,5,1
101.49,0,9,5,1
34.5,0,13,4,1
165.0,0,15,2,1
92.0,0,23,0,1
198.0,0,23,3,1
465.0,0,17,1,1
20.0,0,10,4,1
209.0,0,17,1,1
172.5,0,14,3,1
88.0,0,12,3,1
70.0,0,17,3,4
122.81,0,22,3,2
55.0,0,19,1,1
112.0,0,19,0,2
69.0,0,9,1,1
34.5,0,12,4,1
286.0,0,17,0,1
92.0,0,15,1,1
92.0,0,17,4,1
156.8,0,16,2,1
49.5,0,10,3,1
280.0,1,21,3,3
201.6,0,11,2,1
89.6,0,17,6,1
99.0,0,20,1,1
132.0,0,19,4,4
89.6,0,12,1,1
308.0,0,17,4,1
77.0,0,20,4,1
15.0,0,21,2,1
352.0,0,22,2,1
69.0,0,12,3,2
310.5,0,15,2,1
23.0,0,0,4,1
87.54,0,21,1,2
77.0,0,19,3,2
89.6,0,14,2,1
172.75,0,18,0,1
180.0,0,12,5,1
308.0,0,16,4,1
201.25,0,20,0,1
195.5,0,14,3,1
360.0,1,19,5,2
84.0,0,17,5,2
46.0,0,17,5,2
112.0,0,20,4,2
35.0,0,18,3,1
360.0,1,16,5,3
34.5,0,19,4,3
180.0,0,11,3,1
143.0,0,13,0,1
89.6,0,23,3,1
448.0,0,18,4,2
184.0,0,13,6,1
5.0,0,11,6,1
308.0,0,21,0,1
34.5,0,18,5,2
110.0,0,17,4,1
190.4,0,16,0,1
172.5,1,23,2,8
34.5,0,20,2,1
132.0,0,23,3,1
10.0,0,14,2,1
34.5,0,21,3,1
143.0,0,18,3,1
60.89,0,11,5,2
34.5,0,20,5,2
132.0,0,12,2,1
78.4,0,21,0,1
156.8,0,15,3,2
414.4,0,22,6,1
99.0,0,14,4,1
134.4,0,13,1,3
38.5,0,16,5,1
27.5,0,20,1,1
154.0,0,21,2,2
89.6,0,15,5,3
216.0,0,10,3,1
28.0,0,12,2,1
46.69,0,13,0,2
308.0,0,22,3,2
1460.0,0,19,0,1
69.0,0,19,5,2
560.0,0,21,2,1
100.8,0,17,5,1
176.0,0,16,3,2
304.75,1,23,0,12
115.0,0,10,3,1
23.35,0,17,3,1
15.0,0,20,5,2
143.0,0,20,4,1
154.0,0,16,4,1
110.0,0,17,0,1
23.0,0,22,2,1
313.5,0,10,2,1
77.0,0,12,3,1
38.5,0,17,0,1
134.4,0,11,3,1
99.0,0,13,5,3
166.0,0,13,1,3
308.0,0,14,4,1
10.0,0,15,2,1
220.0,0,17,1,2
46.0,0,20,3,1
110.0,0,17,4,1
440.0,1,21,2,8
630.0,0,20,0,2
23.0,0,18,3,1
99.0,0,11,4,3
104.5,0,21,3,1
154.0,0,15,0,1
440.0,0,12,5,1
44.8,0,12,0,1
414.0,0,11,2,1
156.8,0,11,1,1
100.8,0,18,3,1
67.2,0,22,6,2
190.4,1,15,2,5
56.0,0,11,1,1
150.72,0,1,4,1
154.0,0,20,0,1
848.0,0,14,3,2
10.0,0,14,5,3
154.0,0,18,4,1
78.4,0,18,0,1
46.0,0,10,3,1
99.0,0,15,4,2
77.0,0,13,4,1
168.0,0,19,3,1
264.5,0,15,1,1
99.0,0,15,1,1
123.2,0,15,3,1
115.0,0,16,2,1
176.0,0,10,3,1
143.0,0,10,5,2
34.5,0,16,0,1
46.0,0,12,0,1
99.0,0,13,4,1
264.5,0,22,0,1
360.0,1,16,5,3
77.0,0,14,4,1
15.0,0,23,5,2
418.0,0,21,5,1
156.8,0,12,1,1
132.25,0,10,1,2
143.0,0,14,4,1
132.0,0,18,4,1
145.6,0,11,4,1
104.5,0,21,3,1
115.0,0,10,2,1
23.0,0,17,2,4
100.8,0,12,5,1
39.07,0,13,0,1
30.45,1,22,1,5
132.25,0,10,1,2
143.0,0,15,2,1
92.0,0,23,0,1
165.0,1,14,5,4
46.69,0,16,4,1
55.0,0,8,4,1
462.0,0,9,3,1
110.0,0,23,4,1
274.38,0,12,3,1
20.0,0,17,1,1
66.0,0,17,4,1
154.0,0,22,5,2
69.0,0,19,2,1
138.0,0,13,2,1
154.0,0,14,0,1
275.0,0,19,4,2
148.5,0,21,6,1
46.0,1,16,3,3
20.0,0,8,4,1
104.5,0,13,0,1
100.8,0,12,4,1
16.5,0,14,4,1
156.8,0,18,1,1
172.5,0,14,4,1
224.0,0,21,0,2
20.0,0,23,5,1
84.0,0,16,4,1
148.5,0,10,0,2
154.0,0,13,4,1
176.0,0,0,3,1
103.5,0,9,3,1
132.0,0,11,3,1
154.0,0,21,0,2
154.0,0,21,2,2
34.5,0,12,4,1
34.5,0,9,1,1
77.0,0,21,6,1
100.8,0,20,2,1
230.0,0,13,1,1
18.34,0,20,4,4
16.5,0,17,5,2
78.4,0,8,2,2
78.4,0,13,3,1
56.0,0,21,2,2
172.5,0,21,4,1
184.0,0,14,3,1
220.0,0,23,4,1
209.0,0,19,3,1
154.0,0,16,2,1
143.0,0,15,5,1
99.0,0,22,2,1
56.0,0,17,6,1
154.0,0,23,0,2
97.75,0,22,1,1
49.5,0,17,3,2
504.0,0,14,3,1
166.0,0,11,2,1
67.2,0,23,1,1
34.5,0,17,1,5
88.0,0,19,1,1
78.4,0,10,0,1
88.0,0,9,5,1
330.0,0,17,4,1
190.4,0,14,5,2
104.5,0,7,1,1
198.0,0,20,3,1
100.8,0,0,4,1
46.0,0,3,2,1
220.0,0,21,3,1
132.0,0,18,4,1
154.0,0,15,5,1
5.0,0,16,5,3
46.0,0,13,4,1
78.4,0,18,1,1
176.0,0,21,1,1
16.5,0,15,2,3
46.69,0,11,4,1
34.5,0,15,5,1
100.0,0,20,5,2
201.6,0,0,5,1
123.3,0,21,4,1
165.0,0,0,4,1
235.2,0,10,1,1
92.0,0,21,1,1
143.0,0,3,0,1
88.0,0,16,4,1
121.0,0,13,3,3
224.0,0,23,3,1
100.8,0,18,0,1
110.0,0,14,2,2
143.0,0,17,0,2
138.0,0,17,2,1
25.0,0,20,4,1
220.0,0,18,1,1
154.0,0,17,0,1
27.63,0,13,0,2
154.0,0,17,4,1
132.0,0,13,4,1
336.0,0,11,4,3
46.69,0,15,2,1
84.0,0,17,5,1
138.0,0,20,5,1
30.0,0,15,2,1
140.0,0,20,4,1
15.0,0,11,6,1
99.0,0,12,5,1
275.0,0,15,5,1
20.0,0,11,1,1
88.0,0,10,4,1
308.0,0,22,1,2
69.0,0,13,4,1
48.0,0,21,0,1
55.0,0,20,3,1
198.0,0,2,5,1
308.0,0,10,4,2
92.0,0,3,4,2
132.0,0,12,4,1
46.0,0,15,4,1
46.0,1,15,4,4
495.0,0,23,3,1
170.0,0,9,0,2
207.0,0,12,2,3
46.0,1,14,3,4
88.0,0,18,3,2
16.5,0,21,5,1
190.4,0,12,4,1
34.5,0,16,1,2
143.0,0,17,6,1
99.0,0,8,4,1
15.0,0,11,3,1
23.0,0,13,4,1
34.5,0,14,1,1
13.5,0,13,4,1
103.5,0,13,3,1
121.0,0,16,3,1
144.0,0,16,3,1
440.0,0,14,3,2
336.0,0,13,5,2
154.0,0,13,4,3
180.0,0,14,1,1
96.0,0,13,2,2
20.0,0,10,6,1
154.0,0,18,3,1
89.6,0,21,3,1
29.18,0,14,4,1
120.75,0,13,3,2
40.22,1,19,0,8
143.0,0,20,2,1
138.0,0,18,4,1
27.0,0,15,4,2
253.0,0,17,4,1
168.0,0,20,1,1
20.0,0,22,4,1
110.0,0,11,2,2
99.0,0,16,5,2
154.0,0,1,2,1
35.0,0,8,4,1
224.0,0,13,3,2
52.5,0,17,5,1
46.0,0,19,3,1
66.0,0,0,2,1
143.0,0,11,1,1
104.5,0,13,3,1
48.0,0,22,6,1
77.0,0,11,4,1
46.69,0,14,0,1
82.4,0,18,4,1
84.0,0,23,4,1
67.2,0,19,4,1
23.0,0,0,4,2
143.0,0,12,5,1
132.0,0,20,3,1
104.5,0,21,6,1
20.0,0,10,0,2
518.25,0,21,2,1
69.0,0,16,0,1
132.0,0,19,4,4
78.4,0,13,5,3
31.05,0,0,2,2
23.0,0,0,6,2
172.5,0,18,2,1
33.0,0,9,1,1
134.4,0,19,6,1
70.03,0,13,4,1
15.0,0,17,5,1
374.0,0,14,1,1
15.0,0,14,0,1
179.2,0,10,0,1
80.5,0,19,6,1
156.8,0,11,2,1
138.0,0,8,5,1
77.0,0,21,3,2
49.5,0,9,1,1
145.6,0,14,2,1
352.0,0,21,4,1
120.75,0,14,3,1
201.6,0,14,0,1
99.0,0,16,3,1
31.59,0,8,3,2
154.0,0,18,2,1
77.0,0,22,2,1
154.0,0,18,4,1
30.45,0,17,5,1
110.0,0,22,3,2
25.0,0,10,4,1
154.0,0,16,4,3
20.0,0,23,5,1
100.0,0,11,4,1
34.5,0,19,5,2
104.5,0,10,4,1
134.4,0,11,4,2
100.8,0,10,1,1
165.0,0,22,4,1
44.8,0,7,2,1
46.0,0,15,4,1
16.5,0,20,3,1
50.0,0,22,2,1
198.0,0,9,4,2
330.0,0,15,1,1
88.0,0,9,4,1
88.0,0,22,3,1
123.2,0,14,4,1
548.8,0,13,2,2
58.36,0,19,1,1
360.0,1,19,5,2
15.0,0,16,4,1
201.6,0,20,2,1
179.2,0,22,1,1
46.0,1,13,3,4
49.5,0,16,6,1
69.0,0,15,4,3
49.5,0,18,3,2
560.0,0,8,3,2
198.0,0,10,4,1
46.0,0,23,2,1
154.0,0,12,1,1
121.0,0,19,3,1
62.1,0,10,5,1
46.0,0,21,4,1
80.5,0,22,2,1
143.0,0,7,3,1
352.0,0,16,0,2
154.0,0,22,3,1
134.4,1,16,0,15
30.45,0,15,1,3
75.6,0,13,5,1
132.0,0,18,1,1
121.0,0,19,4,1
44.8,0,16,1,1
121.0,0,21,3,1
15.0,0,7,5,1
100.8,0,11,4,1
49.5,0,22,2,1
286.0,0,17,2,1
13.99,0,19,1,8
132.0,0,22,4,1
138.0,0,13,2,1
138.0,0,22,0,1
143.0,0,23,6,1
134.4,1,16,0,15
20.0,0,12,0,1
46.0,0,11,6,2
5.0,0,11,3,1
235.2,0,15,0,1
80.5,0,22,2,1
89.6,0,21,6,2
172.5,0,19,4,2
154.0,0,17,4,1
73.07,0,20,4,1
132.0,0,10,2,1
67.2,0,21,1,2
78.4,0,19,0,1
88.0,0,15,3,1
172.5,0,20,4,1
253.0,0,18,4,1
77.0,0,20,3,1
99.0,0,1,5,2
34.5,0,9,5,1
154.0,0,17,4,1
34.5,0,15,3,1
106.0,0,18,5,2
165.0,0,15,4,1
179.2,0,18,0,1
77.0,0,17,4,1
403.2,0,20,2,1
179.2,0,7,2,1
308.0,0,12,3,1
154.0,0,15,1,1
154.0,0,18,4,2
275.0,0,17,0,2
56.0,0,23,0,2
121.0,0,8,4,3
92.0,0,13,0,2
209.0,1,15,5,3
35.0,0,12,2,1
77.0,0,15,1,1
121.0,0,17,2,1
46.0,0,11,4,3
10.0,0,9,5,1
15.0,0,14,2,1
207.0,0,9,1,1
37.42,0,19,1,8
50.75,0,10,4,1
10.0,0,20,5,1
69.0,0,19,5,1
336.0,0,20,4,1
201.6,0,13,3,2
630.0,0,16,0,2
345.0,0,20,2,1
154.0,0,18,4,1
69.0,0,15,4,1
184.0,0,18,3,1
36.66,0,0,3,1
57.5,1,15,2,4
55.0,0,18,1,2
176.0,0,20,1,1
23.0,0,13,1,1
99.0,0,19,2,2
46.0,0,19,0,2
101.49,0,7,2,1
25.0,0,12,1,2
46.0,0,0,4,2
201.25,0,18,0,1
252.11,0,13,5,1
69.0,0,15,3,1
89.6,0,23,6,1
99.0,0,0,1,2
77.0,0,12,3,1
286.0,0,16,4,1
16.5,0,15,5,1
184.0,0,10,1,1
23.0,0,21,5,1
154.0,0,14,2,1
84.0,0,16,6,1
231.0,0,17,3,2
351.68,0,13,0,1
242.0,0,0,4,3
154.0,0,14,0,1
154.0,0,14,4,1
49.5,0,22,3,2
78.4,0,21,0,1
60.0,0,19,5,1
148.5,0,19,6,1
44.0,0,21,0,1
165.0,0,22,6,1
45.2,0,22,6,5
145.6,0,16,3,1
172.5,0,23,3,2
143.0,0,11,3,1
138.0,0,22,0,3
69.0,0,18,3,1
55.0,0,2,5,1
95.34,0,17,1,1
80.5,0,20,0,1
179.2,0,11,1,1
143.0,0,18,0,1
88.0,0,8,4,1
46.0,0,19,3,1
121.0,0,8,3,3
154.0,0,11,1,1
67.2,0,13,3,2
145.6,0,9,4,1
250.0,0,16,4,1
123.3,0,15,1,1
22.0,0,13,3,2
154.0,0,9,1,1
896.0,0,15,4,3
34.5,0,16,3,1
89.6,0,21,0,2
187.0,0,13,4,1
120.0,1,0,4,2
154.0,0,17,3,1
132.0,0,17,4,3
89.6,0,21,1,1
172.5,0,14,3,1
99.0,0,14,5,2
336.0,0,14,0,1
134.4,0,13,0,1
67.2,0,11,3,2
49.5,0,8,1,2
56.0,0,11,2,2
216.0,0,20,2,1
360.0,0,17,0,1
231.0,0,17,4,1
115.5,0,10,3,2
132.25,0,21,0,1
134.4,0,22,2,1
95.2,0,14,5,1
138.0,0,10,4,1
517.5,1,15,5,5
92.0,0,12,0,2
70.0,0,1,5,1
16.5,0,18,2,1
143.0,0,0,2,2
154.0,0,19,0,3
176.0,0,10,3,1
220.0,0,14,4,1
168.0,0,19,1,1
138.0,0,18,1,1
77.0,0,11,1,1
132.0,0,22,0,1
57.5,1,19,3,4
16.5,0,22,1,1
330.0,0,9,2,1
143.0,0,14,0,2
78.4,0,8,1,1
119.98,0,0,4,1
15.0,0,22,2,1
172.5,0,22,4,1
179.2,0,16,5,2
132.0,0,18,2,1
203.92,0,19,1,5
336.0,0,19,4,1
66.0,0,13,5,1
63.25,0,15,2,2
77.0,0,22,3,1
20.0,0,23,4,1
231.0,0,9,2,1
34.5,0,11,3,1
55.0,0,12,1,1
109.61,0,23,4,1
89.6,0,17,3,1
34.5,1,22,0,4
78.4,0,17,0,1
99.0,0,18,4,1
220.0,0,21,3,1
55.82,0,20,3,1
95.2,1,16,5,4
132.25,0,18,0,1
170.0,0,14,0,1
134.4,0,14,0,1
392.0,0,14,3,1
112.0,0,19,5,3
86.27,0,20,2,3
10.0,0,11,6,1
143.0,0,15,2,1
2.1,0,18,3,2
46.69,0,9,1,1
123.2,1,17,5,3
44.8,0,13,0,1
110.0,0,19,3,1
830.0,0,10,0,1
132.0,0,1,5,1
143.0,0,13,4,1
99.0,0,20,2,1
60.0,0,8,4,1
112.0,0,22,4,1
57.5,0,13,4,1
99.0,0,13,5,3
46.0,0,20,0,1
264.5,0,21,0,1
110.0,0,17,4,1
35.01,0,10,2,1
638.0,0,12,5,1
88.0,0,19,5,2
112.0,0,9,3,1
176.0,0,18,4,1
168.0,0,10,5,1
308.0,0,17,4,1
231.0,0,12,4,2
10.0,0,10,3,1
154.0,0,12,1,1
336.0,0,16,4,2
92.0,0,17,1,2
132.0,0,19,1,1
55.0,0,21,1,6
138.0,0,15,2,2
115.5,0,10,3,1
28.0,0,15,3,1
132.0,0,21,3,3
112.0,0,16,0,1
35.23,0,18,0,1
100.8,0,10,0,1
201.25,0,19,0,1
201.6,0,9,4,1
198.0,0,14,4,1
36.66,0,18,6,1
70.0,0,18,5,4
145.6,0,18,1,2
15.0,0,7,1,1
112.4,0,12,2,1
46.69,0,12,6,1
140.0,0,13,6,1
112.0,0,16,1,1
230.0,0,14,4,2
89.6,0,21,0,1
132.0,0,21,4,2
78.4,0,19,2,5
31.05,0,19,3,1
69.0,0,20,4,1
80.5,0,20,0,1
156.8,0,20,3,2
132.25,0,19,0,2
36.66,0,19,2,1
55.0,0,14,4,1
92.0,0,11,4,1
99.0,0,11,3,1
345.5,0,13,2,1
132.0,0,9,2,1
132.0,0,6,5,1
99.0,0,9,2,1
50.75,0,13,5,1
134.4,0,20,5,1
308.0,0,12,0,1
224.0,0,17,3,1
246.6,0,15,6,1
154.0,1,13,4,4
15.0,0,7,4,1
70.0,0,12,5,1
414.4,0,19,0,1
110.0,1,21,2,5
132.25,0,9,1,2
34.5,0,18,4,1
10.0,0,12,4,1
112.0,0,16,0,1
20.0,0,23,5,1
80.5,0,13,4,2
103.5,0,13,1,1
36.54,0,0,4,1
23.0,0,21,1,2
207.0,0,8,0,1
33.0,0,17,1,1
165.0,0,16,0,1
172.5,0,13,2,1
165.0,0,14,2,1
112.0,0,0,0,1
403.2,0,16,0,1
73.07,0,0,5,1
55.0,1,21,4,1
638.4,0,19,0,1
110.0,0,14,4,1
34.33,0,15,1,1
156.8,0,1,1,1
60.0,0,18,4,1
187.0,0,16,1,1
20.0,0,20,5,1
184.0,0,21,2,2
69.0,0,10,3,3
121.0,0,19,4,1
440.0,0,22,1,1
517.5,0,10,4,1
77.0,0,3,2,2
396.0,0,9,2,1
172.5,0,21,4,1
448.0,0,11,0,2
104.5,0,14,0,1
201.25,0,18,0,3
46.69,0,16,1,2
368.0,0,22,6,1
275.0,0,23,4,1
115.0,0,18,5,1
143.0,0,11,1,1
176.0,0,16,4,2
53.0,0,2,2,1
77.0,1,20,3,2
96.42,0,14,5,4
78.4,0,15,5,1
201.6,0,12,5,1
154.0,0,15,4,1
170.0,0,19,5,2
92.0,0,15,3,1
80.5,0,19,4,1
123.2,0,21,5,2
99.0,0,22,4,1
184.0,0,19,5,2
103.5,0,15,2,1
46.0,0,17,4,1
78.4,1,17,0,1
23.0,0,18,4,5
56.0,0,11,3,2
99.0,0,17,3,1
88.0,0,16,3,2
80.0,0,10,0,1
69.0,0,21,0,2
207.0,0,14,3,1
172.5,0,22,2,1
88.0,0,20,4,1
176.0,0,14,1,2
115.0,0,12,0,1
242.0,0,21,2,1
78.4,0,11,1,1
88.0,0,17,2,1
99.0,0,21,4,1
57.5,0,15,1,1
198.0,0,1,3,1
70.0,0,18,4,2
121.0,0,18,3,2
77.0,0,12,2,1
16.5,0,20,3,1
23.0,0,18,2,1
123.2,1,16,5,9
78.4,0,15,5,1
46.0,0,4,5,2
55.0,0,9,1,1
165.0,0,17,4,1
154.0,0,15,2,2
103.5,0,17,2,1
264.0,0,17,3,1
517.5,1,16,5,2
830.0,0,16,0,1
145.6,0,20,3,2
23.0,0,20,1,1
105.0,0,23,4,3
49.5,0,14,5,1
179.2,0,12,6,1
220.0,0,20,2,1
275.0,0,19,5,1
103.5,0,18,2,1
275.0,0,3,4,2
88.0,0,15,1,1
56.0,0,17,3,2
35.01,0,1,3,1
103.5,0,16,2,1
46.0,0,12,4,1
70.0,0,17,5,1
83.73,0,18,2,1
69.0,0,23,2,1
44.8,0,9,1,1
88.0,0,21,3,1
27.0,1,17,2,1
38.5,0,17,1,1
15.0,0,13,3,1
73.34,0,21,6,1
78.4,0,23,2,1
88.0,0,21,3,2
20.0,0,11,6,1
88.0,0,17,0,1
46.0,0,0,4,1
112.0,0,19,5,1
104.5,0,17,0,1
104.13,0,13,0,1
220.0,0,22,1,1
120.0,0,2,1,1
67.2,0,18,5,2
66.0,0,15,5,2
69.0,0,15,2,1
156.8,0,9,1,1
308.0,0,19,1,2
33.0,0,18,4,1
268.8,0,11,3,1
115.0,0,4,0,1
103.5,0,21,0,1
198.0,0,21,3,1
57.5,1,15,2,4
66.0,0,23,5,1
179.2,0,21,6,1
104.5,0,17,6,1
207.0,0,0,2,2
165.0,1,18,4,1
176.0,0,14,4,1
110.0,1,16,0,12
88.0,0,8,3,2
46.0,0,16,0,1
1012.0,1,23,2,1
88.0,0,19,2,1
115.0,0,17,4,1
154.0,0,16,0,1
67.2,0,23,0,2
220.0,0,9,4,1
100.8,0,21,5,2
88.0,0,23,4,1
253.0,0,22,0,1
99.0,0,10,5,2
165.0,0,10,0,1
2120.0,0,16,3,1
168.0,0,16,0,1
154.0,0,16,1,3
115.0,0,13,0,2
82.4,0,19,2,2
34.5,0,17,4,2
27.0,0,10,5,1
143.0,0,12,2,1
20.0,0,20,5,2
224.0,0,13,1,1
132.0,0,23,3,2
104.5,0,21,5,3
140.0,0,14,4,1
105.0,0,14,5,1
23.0,0,16,0,1
145.6,0,11,2,1
154.0,0,23,3,1
49.5,0,18,4,1
15.0,0,17,2,1
92.0,0,13,4,1
360.0,0,17,5,1
15.0,0,11,3,1
20.59,0,10,3,1
123.2,0,17,5,3
78.4,0,12,0,3
40.0,0,9,5,1
77.0,0,21,0,1
156.8,0,11,2,1
66.0,0,18,1,1
88.0,0,15,4,1
5.0,0,22,4,1
154.0,0,16,4,1
34.5,0,18,3,2
89.6,0,18,1,1
121.0,0,0,2,1
99.0,0,10,4,1
55.0,0,11,4,1
134.4,0,14,1,1
31.05,0,1,1,1
34.5,0,12,2,1
34.5,0,15,4,2
154.0,0,21,3,1
99.0,0,18,4,2
112.0,0,14,0,1
209.0,0,17,6,2
27.5,0,18,2,1
99.0,0,15,1,1
103.5,0,14,1,1
100.8,0,19,4,1
154.0,0,21,3,1
92.0,0,20,1,1
55.0,0,13,3,1
112.0,1,11,3,3
154.0,0,22,1,1
156.8,0,12,0,1
99.0,0,20,3,1
165.0,0,12,4,1
20.0,0,20,4,1
69.0,0,17,2,1
132.0,0,23,4,1
115.0,0,14,3,1
70.4,0,10,2,1
121.0,0,15,4,1
55.27,0,19,2,2
110.0,1,12,5,4
121.0,0,0,4,3
148.5,0,23,6,1
35.53,0,16,1,1
23.0,0,17,3,1
10.0,0,16,5,2
209.0,0,17,4,1
78.4,0,14,1,2
33.0,0,8,3,1
67.2,0,21,4,2
16.5,0,20,4,1
308.0,0,19,1,1
50.75,0,20,4,1
46.0,0,19,4,1
93.15,0,22,0,1
47.37,0,18,0,2
143.0,0,12,4,1
92.0,0,0,4,1
80.5,0,13,3,2
34.5,1,15,1,6
210.0,0,11,4,1
143.0,0,16,6,1
77.0,0,14,4,2
57.5,0,18,3,2
10.0,0,14,5,1
67.2,0,8,0,2
143.0,0,11,1,1
34.5,0,19,5,6
20.0,0,20,2,1
166.0,0,11,3,2
78.15,0,15,1,1
168.0,0,18,1,2
360.0,0,19,5,2
34.5,0,0,4,1
100.8,0,19,3,2
138.0,0,22,1,1
20.0,0,11,5,1
241.5,0,9,0,1
89.6,0,14,0,5
46.0,0,10,4,1
100.8,0,10,3,2
143.0,0,13,5,1
89.6,0,11,3,1
13.99,0,19,1,8
112.0,0,19,5,1
143.0,0,11,1,1
154.0,0,20,1,2
201.6,0,13,3,1
462.0,0,10,3,1
172.5,1,19,3,5
110.0,0,19,1,1
82.4,0,14,5,1
100.8,0,18,5,3
55.0,1,17,1,1
268.8,0,12,3,1
154.0,0,19,1,1
35.0,0,18,5,1
60.0,0,9,1,1
66.0,0,16,0,2
78.15,1,15,1,1
190.4,0,18,0,1
62.1,0,15,6,1
34.5,0,18,4,1
168.0,0,19,0,1
154.0,0,18,1,2
224.0,0,18,5,1
172.5,0,22,4,1
176.0,0,14,3,1
75.9,0,17,2,1
176.0,0,10,3,1
180.0,0,23,3,1
111.65,0,21,1,1
84.0,0,16,6,1
78.4,0,13,0,1
93.37,0,8,4,1
60.0,0,11,2,1
148.5,0,21,6,2
46.0,0,17,1,1
138.0,0,19,0,1
10.0,0,15,4,2
55.0,0,20,2,1
103.5,0,15,3,2
134.4,0,19,5,1
34.5,0,22,3,1
46.0,0,13,0,1
112.0,0,16,0,1
20.0,0,12,1,1
418.0,1,19,0,8
418.0,1,19,1,2
154.0,0,22,2,1
15.0,0,12,1,3
99.0,0,20,1,1
99.0,0,18,3,3
145.6,0,15,2,1
561.0,0,22,4,1
89.6,0,22,3,1
143.0,0,19,6,1
14.0,0,13,3,1
121.0,0,9,2,1
187.0,0,18,0,1
53.0,0,16,4,1
46.0,1,14,4,3
73.34,0,17,3,1
20.0,0,12,6,1
440.0,0,16,5,1
70.0,0,18,3,2
77.0,0,14,1,1
48.0,0,20,0,1
104.5,0,21,5,1
30.0,0,21,0,1
99.0,0,19,3,2
55.0,0,13,1,1
92.0,0,22,1,1
132.0,0,20,6,1
560.0,0,22,2,1
33.0,0,22,3,1
308.0,0,7,3,1
69.0,0,8,3,1
302.4,0,14,1,1
104.5,0,15,0,1
103.5,0,14,2,1
15.0,0,9,4,1
104.5,0,12,3,1
116.73,0,11,2,1
115.5,0,10,3,1
287.5,0,13,2,3
112.0,0,19,6,1
92.0,0,18,2,1
95.2,1,17,5,5
39.48,0,8,3,1
34.5,0,20,6,1
80.5,0,19,6,1
49.5,0,17,1,2
46.0,0,19,5,1
135.6,0,12,4,1
44.8,0,21,0,2
224.0,0,12,0,1
69.0,0,13,4,1
92.0,0,22,0,1
89.6,0,23,2,1
154.0,0,18,4,1
66.0,0,19,0,1
49.5,0,7,3,1
132.25,0,14,1,1
104.5,0,19,0,1
31.59,0,20,6,1
336.0,0,0,5,2
154.0,0,23,2,1
33.0,0,20,5,1
78.4,0,12,3,1
264.0,0,20,4,1
138.0,0,8,1,1
176.0,0,10,3,1
69.0,0,20,3,1
110.0,0,14,3,1
77.0,0,21,1,1
132.0,0,21,3,1
46.0,0,19,3,1
154.0,0,12,4,1
35.0,0,18,4,1
34.5,0,18,5,1
630.0,0,10,0,1
46.0,0,18,4,1
286.0,0,14,3,1
10.0,0,18,5,1
23.0,0,17,3,1
330.0,0,22,1,1
168.0,0,9,2,1
91.35,0,13,5,6
143.0,0,14,6,1
100.8,0,17,5,1
231.0,0,23,4,1
78.4,0,15,0,1
55.0,0,3,2,3
1980.0,0,18,4,1
86.27,0,18,6,2
168.0,0,16,5,1
88.0,0,21,2,1
143.0,0,16,4,1
23.0,0,21,3,2
80.5,0,17,6,1
121.0,0,22,0,1
27.63,0,17,0,2
224.0,0,10,0,2
33.0,0,20,5,1
172.5,0,14,1,2
99.0,0,16,1,1
34.5,0,17,4,1
140.0,0,19,5,2
103.5,0,11,2,1
84.0,0,14,3,1
112.0,0,14,0,1
120.0,0,22,0,1
78.4,0,12,0,1
86.0,0,16,5,1
39.0,0,8,3,4
313.6,0,20,0,1
143.0,0,13,5,1
134.4,0,17,0,1
88.0,0,17,4,1
112.0,0,10,5,1
92.0,0,13,4,1
132.0,0,16,4,1
77.0,0,21,1,1
60.0,0,20,6,1
69.0,0,13,1,1
34.5,0,18,5,1
70.0,0,11,2,2
154.0,0,14,4,2
268.8,0,22,0,1
89.6,0,13,5,1
77.0,0,16,4,1
132.0,0,21,6,1
46.69,0,13,0,1
15.0,0,1,2,1
20.0,0,9,2,1
209.0,0,15,2,1
308.0,0,17,4,2
132.25,0,19,0,2
20.0,0,8,0,1
99.0,0,0,2,2
89.6,0,18,1,2
55.0,0,16,3,1
10.0,0,21,1,1
25.0,0,11,6,2
25.0,0,10,5,1
115.0,0,12,4,1
187.0,0,8,2,1
143.0,0,19,0,1
23.0,0,20,3,1
5.0,0,0,4,1
99.0,0,17,3,2
209.0,0,18,4,3
242.0,0,16,3,1
201.6,0,12,5,2
154.0,0,10,4,2
89.6,0,16,5,1
100.8,0,13,5,2
70.0,0,19,0,1
15.8,0,12,1,1
53.0,0,23,5,2
86.27,0,21,5,2
495.0,0,18,3,1
57.5,0,20,0,1
224.0,0,17,3,1
280.0,0,8,1,1
176.0,0,13,4,1
77.0,0,16,4,2
25.0,0,10,0,2
20.0,0,22,2,1
230.0,0,17,6,1
46.0,0,21,3,2
46.0,0,15,3,1
88.0,0,20,2,4
154.0,0,14,1,2
15.0,0,14,5,3
460.0,0,13,6,1
92.0,0,12,1,1
138.0,0,12,4,1
80.5,0,17,0,1
57.5,0,14,1,4
34.5,0,17,4,1
132.0,0,11,3,1
154.0,0,19,3,2
154.0,0,0,3,1
67.2,0,21,6,1
89.6,0,12,3,3
66.0,0,18,5,2
99.0,0,14,5,2
190.4,0,17,5,2
89.6,0,18,6,1
104.5,0,8,4,1
154.0,0,13,0,1
70.0,0,15,1,1
30.45,0,23,1,2
55.0,0,22,1,1
184.0,0,10,2,1
99.0,0,18,2,1
143.0,0,12,6,1
57.5,0,19,5,1
15.0,0,19,5,2
630.0,0,15,0,1
99.0,1,22,2,1
39.07,0,22,6,1
46.0,1,12,4,4
360.0,1,17,5,5
99.0,0,5,1,1
20.0,0,21,0,1
30.0,0,10,5,1
111.65,0,10,2,1
40.0,0,18,1,1
39.48,0,0,3,1
57.5,0,15,0,3
34.5,0,20,3,1
99.0,0,8,4,1
15.0,0,14,3,1
34.5,0,18,5,1
297.0,0,17,3,1
156.8,0,11,1,1
143.0,0,16,0,1
143.0,0,17,6,1
121.0,0,18,4,1
69.0,0,10,4,1
132.0,0,23,4,2
56.0,0,9,0,2
46.0,0,15,4,1
143.0,0,8,0,3
40.0,0,21,5,1
40.5,0,12,4,1
112.0,0,15,4,1
104.5,0,1,3,1
36.66,0,21,4,4
112.0,0,22,2,5
70.03,0,15,5,1
55.0,0,17,4,2
73.34,0,14,3,1
92.0,0,17,0,1
112.0,1,18,2,5
23.0,0,1,3,1
172.5,1,19,3,2
176.0,0,19,3,1
31.59,0,15,4,1
132.25,0,19,0,1
104.5,0,10,0,3
20.0,0,1,5,1
143.0,0,15,4,1
154.0,0,9,2,1
112.0,0,17,0,1
16.5,0,13,5,1
352.0,0,12,3,1
34.5,0,22,1,1
198.0,0,15,5,1
38.5,0,15,1,1
172.5,1,19,3,5
99.0,0,14,5,2
138.0,0,14,4,1
99.0,0,10,4,1
143.0,0,16,6,1
143.0,0,12,5,1
17.51,0,15,3,3
308.0,0,14,1,1
68.66,0,20,5,2
360.0,0,21,6,1
104.5,0,20,6,3
121.0,0,20,3,1
235.2,0,13,5,1
16.5,0,16,3,1
161.0,0,21,0,3
112.0,0,19,6,1
418.0,1,20,1,8
154.0,0,22,0,2
154.0,0,11,4,1
250.0,1,16,6,20
15.0,0,12,1,1
33.0,0,11,4,1
28.0,0,12,3,1
154.0,0,18,4,1
23.0,0,19,3,2
23.0,0,21,3,1
5.0,0,10,1,2
25.0,0,21,1,1
34.5,0,12,5,1
55.0,0,21,2,1
154.0,0,10,4,2
154.0,0,15,1,1
134.4,0,19,1,1
540.0,0,12,2,1
29.34,0,12,2,1
89.6,0,22,4,1
112.0,0,11,0,1
690.0,1,16,5,2
110.0,0,17,6,1
80.5,0,12,3,1
264.0,0,11,3,2
154.0,0,19,1,1
20.0,0,10,1,1
154.0,0,21,0,3
143.0,0,13,6,1
23.0,0,14,5,2
57.5,1,19,3,4
23.0,0,11,4,2
46.0,1,12,4,4
154.0,0,12,4,1
57.5,0,19,4,1
33.0,0,11,5,1
112.0,0,13,0,2
100.8,0,12,4,2
34.5,0,12,3,2
46.0,0,21,1,1
341.0,0,11,3,1
92.0,0,15,4,1
165.0,1,17,4,5
67.2,0,19,4,2
134.4,0,10,0,1
156.8,0,22,1,1
345.0,0,19,4,1
182.69,0,12,1,1
207.0,0,15,2,1
304.75,1,16,1,2
198.0,0,1,5,2
145.6,0,21,4,1
172.5,1,19,3,5
360.0,0,8,3,1
117.6,1,17,5,3
148.5,0,19,6,2
172.75,0,14,2,1
34.5,0,15,3,3
78.4,0,21,0,1
138.0,0,11,1,1
55.0,0,18,1,1
46.0,1,12,4,4
60.0,1,22,4,1
207.0,0,16,2,4
78.4,0,12,0,1
242.0,0,18,3,1
20.0,0,11,6,1
220.0,0,19,2,1
46.0,0,20,3,1
103.5,0,14,2,1
112.0,0,8,0,2
118.44,0,13,3,1
138.0,0,17,2,3
104.5,0,11,0,1
154.0,0,12,0,2
198.0,0,11,4,1
165.0,0,22,4,1
92.0,0,21,2,6
23.0,0,14,1,1
16.5,0,12,5,2
200.0,0,22,1,1
69.0,0,19,5,1
156.8,0,12,0,1
154.0,0,21,3,2
88.0,0,14,5,2
60.89,0,8,5,1
5.0,0,10,6,1
154.0,0,23,3,1
27.5,0,21,0,1
100.8,0,18,5,3
259.2,0,16,6,1
154.0,0,14,0,1
59.22,0,12,4,1
15.0,0,10,4,1
186.3,0,13,0,1
201.6,0,12,5,1
88.0,0,20,4,1
55.0,0,14,4,2
207.0,0,19,0,1
143.0,0,15,5,1
88.0,0,9,3,1
77.0,0,22,0,1
145.6,0,11,1,1
89.6,0,18,1,1
69.0,0,18,2,1
172.5,0,23,2,1
104.5,0,22,3,1
121.0,0,15,4,2
143.0,0,17,0,1
67.2,0,22,6,1
195.5,0,16,1,3
224.0,0,9,0,2
55.0,0,23,0,1
103.5,0,11,2,2
154.0,0,23,1,1
34.5,0,13,4,1
92.0,0,21,6,1
77.0,0,17,3,3
17.51,0,16,4,1
69.0,0,23,3,1
103.5,0,10,2,2
34.5,0,14,5,6
70.0,0,13,5,1
168.0,0,16,0,1
67.2,0,14,3,1
112.0,0,16,4,1
16.5,0,19,6,3
46.0,1,12,4,10
69.0,0,15,5,1
78.4,0,16,4,3
201.25,1,12,1,4
154.0,0,15,0,1
56.0,0,15,6,1
123.3,0,15,0,2
630.0,0,10,0,1
83.0,0,11,1,1
132.25,0,19,0,1
60.07,0,11,5,1
30.0,0,12,5,1
172.5,0,2,4,1
630.0,0,14,0,2
154.0,0,21,0,1
112.0,0,22,2,1
135.94,0,10,2,1
132.25,0,15,1,1
115.5,0,10,3,1
156.8,0,11,0,1
90.4,0,8,3,1
46.69,0,16,1,1
154.0,0,9,4,1
110.0,0,13,1,1
99.0,0,15,4,2
84.0,0,20,1,1
440.0,0,10,5,1
121.0,0,20,3,1
201.25,0,19,0,2
20.0,0,20,4,1
78.4,0,11,0,1
297.0,0,13,3,1
156.8,0,11,0,1
308.0,0,12,3,1
78.4,0,15,3,2
15.0,0,13,0,1
33.0,0,13,3,1
145.6,0,14,3,1
418.0,1,14,5,4
1660.0,0,10,0,1
99.0,0,16,3,1
165.0,0,15,4,1
45.2,0,19,4,1
172.5,0,22,3,2
121.0,0,0,4,1
26.0,0,16,3,1
830.0,0,16,0,1
230.0,0,18,1,1
89.6,0,19,0,1
10.0,0,8,6,1
55.0,0,10,5,1
235.2,0,12,3,2
165.0,1,21,2,5
308.0,0,16,1,1
70.0,0,20,4,1
20.0,0,0,5,1
88.0,0,21,2,1
121.0,0,21,1,1
148.5,0,22,6,1
161.0,0,14,2,3
23.0,0,22,3,1
112.0,1,21,1,5
91.66,0,10,3,1
46.0,0,10,4,1
115.0,1,17,0,1
121.0,0,7,3,1
880.0,0,18,0,1
23.0,0,13,2,1
690.0,1,21,4,1
46.0,1,13,3,4
170.0,0,10,4,1
95.2,1,17,5,5
352.0,0,10,2,2
44.8,0,11,1,1
23.0,0,12,1,1
70.0,0,18,4,1
16.5,0,18,5,1
46.0,0,17,5,5
176.0,0,22,4,1
55.0,1,11,3,2
145.6,1,18,4,2
230.0,0,13,1,1
286.0,0,19,4,1
46.0,0,13,2,1
33.0,0,18,5,1
99.0,0,12,3,1
33.0,0,12,2,1
10.0,0,18,0,1
99.0,0,23,4,1
138.0,0,13,2,1
830.0,0,11,0,1
78.4,0,17,1,1
132.0,0,18,2,1
103.5,0,14,5,2
86.0,0,17,3,1
112.0,0,16,6,1
104.5,0,14,0,1
123.3,0,13,3,1
172.5,0,23,2,2
92.0,0,15,0,1
46.0,0,19,5,2
16.5,0,11,5,2
156.3,1,20,0,3
110.0,0,4,5,1
154.0,0,20,4,1
154.0,0,10,1,1
198.0,0,12,2,1
34.5,0,18,1,1
241.5,0,15,0,1
165.0,0,23,2,1
88.0,0,17,2,1
55.0,0,12,5,1
44.8,0,13,0,1
77.0,0,11,2,1
67.2,0,7,2,1
23.0,0,17,3,1
345.0,0,18,4,1
172.5,0,22,3,1
110.0,0,21,3,1
104.5,0,10,4,1
70.0,0,7,5,1
123.3,0,12,2,1
30.45,0,0,0,1
99.0,0,14,3,3
70.0,0,19,2,1
75.6,0,12,5,1
34.5,0,15,4,2
440.0,0,16,5,2
46.0,0,12,4,2
230.0,0,13,3,1
154.0,0,10,4,1
172.5,1,14,4,3
20.0,0,10,3,1
40.0,0,11,5,1
330.0,0,15,3,1
630.0,0,10,0,1
77.0,0,18,3,4
88.0,0,18,2,1
92.0,0,19,3,1
154.0,0,0,2,1
154.0,1,15,1,4
88.0,0,13,4,1
110.0,0,21,3,2
89.6,0,15,3,1
132.25,0,8,1,1
194.34,1,21,1,6
172.5,0,19,4,2
17.24,1,13,1,8
165.0,0,22,3,1
448.0,0,23,1,1
154.0,0,9,2,3
138.0,0,14,2,1
34.5,0,17,5,1
57.5,1,0,3,3
148.5,0,9,0,2
55.0,0,13,6,2
57.5,0,22,4,1
110.0,0,15,0,2
89.6,0,20,1,1
69.0,0,16,5,1
92.0,0,23,5,1
69.0,0,0,3,1
280.0,0,17,5,1
154.0,0,23,3,2
78.4,0,10,2,2
70.0,0,21,1,1
198.0,0,11,3,1
64.19,0,9,6,2
35.2,0,17,3,1
154.0,0,17,4,1
572.0,0,23,2,2
60.0,0,11,2,1
73.34,0,12,1,1
132.25,0,9,1,1
92.0,0,14,3,1
100.8,0,1,1,3
115.0,1,21,2,1
121.0,0,22,2,3
275.0,0,17,0,2
224.0,0,21,3,1
330.0,0,19,4,2
172.5,0,16,4,1
121.0,0,14,5,1
20.0,0,12,6,2
132.25,0,18,0,2
333.5,0,18,0,1
154.0,0,20,3,1
148.5,0,12,3,1
78.4,0,19,2,1
190.4,1,16,4,20
77.0,0,15,4,1
30.0,0,13,1,1
504.0,0,1,5,1
62.1,0,20,1,1
304.75,0,19,0,2
110.0,0,18,4,1
418.0,1,19,0,8
112.0,0,18,4,2
55.82,0,13,3,1
50.75,0,20,4,1
53.0,0,17,5,2
39.48,0,18,3,1
172.5,0,21,4,1
172.5,0,12,4,1
308.0,0,21,3,1
143.0,0,23,1,1
60.0,0,23,2,1
72.8,0,20,0,1
23.0,0,18,1,1
110.0,0,14,4,1
153.0,0,11,1,1
92.0,0,13,0,1
134.4,0,19,3,1
55.0,0,10,2,1
54.0,0,16,4,1
77.0,0,23,2,1
132.0,0,9,2,2
37.77,0,16,0,1
100.8,0,15,2,1
46.0,0,19,2,1
103.5,0,11,2,1
190.4,1,23,6,10
154.0,0,16,4,2
34.5,0,19,2,1
55.0,0,22,1,1
132.0,0,21,2,2
154.0,0,18,3,1
93.15,0,14,1,2
77.0,0,13,0,1
77.0,0,19,3,2
78.4,0,16,0,1
99.0,0,11,4,1
92.0,0,16,1,1
247.5,0,18,4,1
77.0,0,18,3,1
154.0,0,16,4,2
308.0,0,14,4,1
89.6,0,17,0,1
89.6,0,18,6,1
134.4,0,7,1,1
201.25,0,19,0,1
310.5,0,15,2,1
201.6,0,18,4,1
160.0,0,15,0,1
448.0,0,22,5,4
72.0,0,12,5,2
110.0,0,13,0,1
55.0,0,14,2,1
53.0,0,2,5,1
16.5,0,21,4,1
100.8,0,7,0,1
115.0,0,22,4,2
92.0,0,20,0,1
110.0,0,19,1,2
55.0,1,16,0,12
103.5,0,18,2,1
20.0,0,19,0,1
286.0,0,10,3,2
220.0,0,12,0,1
99.0,0,9,2,1
207.0,0,18,0,1
115.0,0,15,1,1
84.0,0,14,1,1
44.0,0,11,1,1
34.5,0,21,6,1
100.8,0,22,3,1
138.0,0,14,0,1
99.0,0,22,2,1
104.5,0,16,0,1
69.0,0,13,4,1
10.0,0,10,1,1
99.0,0,17,5,2
23.0,0,0,4,2
78.4,0,9,1,1
77.0,0,17,4,2
69.0,0,13,2,2
143.0,0,18,1,3
154.0,0,18,1,1
88.0,0,22,3,1
20.0,0,23,5,2
70.0,0,17,5,1
89.6,0,23,0,3
55.0,0,8,2,2
92.0,0,17,4,1
89.6,0,21,6,1
830.0,0,14,0,2
34.5,0,17,4,1
140.0,0,13,4,1
207.0,0,18,0,1
99.0,0,16,5,2
57.5,0,13,4,1
77.0,0,12,0,1
179.2,0,13,2,1
180.0,0,17,3,1
140.0,0,17,5,2
36.66,0,10,0,1
104.5,0,9,4,1
23.0,0,13,4,2
16.5,0,11,5,1
201.25,0,20,0,1
78.4,0,20,2,4
89.6,0,12,0,3
20.0,0,10,1,2
20.0,0,12,5,2
78.4,0,12,0,1
55.0,0,15,2,2
33.0,0,10,4,3
561.0,0,8,5,1
55.0,0,9,2,2
46.0,0,12,3,4
154.0,0,13,3,1
165.0,0,19,3,1
132.0,0,14,5,1
198.0,0,11,4,1
154.0,0,0,3,1
77.0,0,9,2,1
358.4,0,10,4,1
308.0,0,12,3,1
75.52,0,18,0,2
77.0,0,17,3,1
179.2,0,15,1,4
154.0,0,18,4,1
126.5,1,9,4,8
10.0,0,22,6,1
121.0,0,14,4,1
154.0,0,16,0,1
34.5,0,22,3,1
154.0,0,16,4,4
23.0,0,1,4,1
30.0,0,11,5,3
10.0,0,13,0,1
74.16,0,14,2,1
77.0,0,14,3,3
5.0,0,9,3,2
23.0,0,20,3,2
104.5,0,15,4,1
190.4,0,9,3,1
92.0,0,11,5,1
230.0,0,13,1,4
78.4,0,22,1,1
517.0,0,10,2,1
154.0,0,13,4,1
69.0,0,15,5,1
286.0,0,16,2,1
138.0,0,16,2,1
78.4,0,16,4,3
138.0,0,22,1,1
140.0,0,22,3,1
49.5,0,9,1,1
16.5,0,11,6,1
138.0,0,12,2,2
30.0,0,12,5,2
46.0,1,15,4,20
187.0,0,22,2,1
275.0,0,14,3,2
46.0,0,12,3,4
46.0,0,14,4,1
336.0,0,18,4,1
67.2,0,21,3,2
24.0,0,21,1,1
34.5,0,12,3,1
20.0,0,18,2,1
66.0,0,20,3,1
154.0,0,10,3,1
156.8,0,18,3,2
15.0,0,22,6,1
50.0,0,14,2,3
230.0,0,12,4,1
275.0,0,12,5,1
16.5,0,20,5,1
78.4,0,13,1,2
235.2,0,21,0,2
319.0,0,23,0,1
100.8,0,18,0,1
69.0,0,17,5,1
69.0,0,16,3,2
123.2,1,16,5,9
100.8,0,13,5,2
93.15,0,9,3,1
242.0,0,18,2,1
36.66,0,19,1,1
55.0,0,23,1,1
44.0,0,7,2,1
46.0,0,14,4,1
110.0,0,11,3,1
112.0,0,21,0,1
15.0,0,22,1,1
89.6,0,9,1,1
465.75,0,12,1,1
154.0,0,12,4,1
104.5,0,17,0,1
95.0,0,17,4,1
161.0,0,14,0,1
38.5,0,23,5,1
828.8,0,13,1,1
792.0,0,15,3,1
179.2,0,17,5,1
100.8,0,17,3,1
672.0,0,18,4,1
104.5,0,17,6,1
92.0,0,8,1,1
165.0,1,18,4,3
20.0,0,16,4,1
32.1,0,22,0,1
34.5,0,18,3,2
88.0,0,20,2,1
220.0,0,14,5,1
73.07,0,20,4,1
201.25,0,20,0,1
143.0,0,0,5,1
99.0,0,13,3,1
235.2,0,11,0,1
440.0,0,12,0,2
69.0,0,14,3,1
132.0,0,16,4,1
345.0,0,16,4,2
345.0,0,18,2,2
62.1,0,14,6,1
495.0,0,23,6,2
154.0,0,16,1,1
143.0,0,9,0,1
111.65,0,7,0,1
46.0,1,16,3,3
78.4,0,14,0,1
154.0,0,12,6,1
44.8,0,11,2,1
46.0,0,8,4,1
132.0,0,13,0,1
26.5,0,14,0,1
143.0,0,19,0,1
99.0,0,9,2,1
132.0,0,12,2,1
103.5,0,16,2,1
46.0,0,20,6,2
187.0,0,16,5,4
123.2,0,17,5,3
168.0,0,20,3,1
17.24,1,13,1,8
78.4,0,15,0,1
132.0,0,22,3,1
345.5,0,10,1,1
134.4,0,19,6,1
77.0,0,23,0,2
121.79,0,12,3,1
95.2,0,8,4,1
336.0,0,10,3,2
313.5,0,1,1,3
176.0,0,18,4,1
156.8,0,14,0,2
99.0,0,23,4,1
172.75,0,13,1,1
134.4,0,12,6,2
10.0,0,16,4,1
57.5,0,10,0,2
34.5,0,12,1,2
134.4,0,23,1,1
62.1,0,17,2,1
121.0,0,19,4,1
154.0,0,11,4,1
184.0,0,11,4,1
67.2,0,18,5,2
319.0,0,16,2,1
300.0,1,20,4,1
132.0,0,23,3,1
10.0,0,10,5,1
92.0,0,16,4,1
44.3,1,6,2,10
132.0,0,15,6,1
198.0,0,12,6,1
156.8,0,14,1,1
165.0,0,21,1,1
132.0,0,1,5,2
154.0,0,11,2,2
166.0,0,16,1,1
20.0,0,15,3,2
156.8,0,11,1,1
280.0,0,10,3,3
34.5,0,14,3,1
46.0,0,14,3,2
99.0,0,15,0,1
175.08,0,21,4,1
38.5,0,23,4,1
103.5,0,15,4,2
69.0,0,22,3,1
103.5,0,11,2,1
38.5,0,10,1,1
126.5,1,9,4,8
55.0,0,19,4,1
154.0,0,17,0,1
10.0,0,0,4,1
110.0,0,20,4,2
201.25,0,21,0,1
154.0,0,0,1,1
77.0,0,7,3,2
62.1,0,22,4,1
66.0,0,9,2,1
34.5,0,19,4,1
224.0,0,12,4,1
180.0,0,16,4,1
104.5,0,14,1,1
46.0,0,18,2,1
121.0,0,12,3,1
231.0,0,10,1,1
115.0,0,16,4,1
33.0,0,23,1,1
121.0,0,20,2,1
34.5,0,22,2,1
10.0,0,11,6,1
144.0,0,16,3,1
10.0,0,13,3,1
123.3,0,20,2,1
99.0,0,14,1,2
110.0,0,14,3,2
63.25,0,10,2,1
201.25,0,18,0,1
92.0,0,18,4,1
176.0,0,13,1,1
115.0,0,9,0,2
154.0,0,16,4,1
210.0,1,3,5,5
123.3,0,14,5,1
403.2,0,21,6,1
172.5,0,18,4,1
23.0,0,14,4,2
145.6,0,17,1,1
78.4,0,13,0,1
92.0,0,18,1,1
15.0,0,12,0,1
154.0,0,13,4,2
145.6,0,16,3,1
92.0,0,16,0,1
165.0,1,21,2,5
117.6,0,23,4,2
1060.0,0,16,3,1
16.5,0,11,5,2
212.8,0,14,1,4
88.0,0,21,4,3
23.0,0,20,3,5
336.0,0,19,2,1
1.1,0,22,3,2
110.0,0,23,4,2
34.5,0,13,6,1
31.59,0,16,2,1
46.0,0,16,1,2
77.0,0,18,1,1
88.0,0,9,4,1
55.0,0,12,1,1
78.4,0,19,1,4
609.5,0,21,1,1
115.5,0,10,3,1
23.0,0,20,3,1
89.6,0,12,0,3
31.59,0,10,6,1
154.0,0,18,4,1
275.0,0,20,0,1
56.0,0,15,2,2
27.5,0,12,2,1
100.0,0,16,5,1
40.0,0,15,1,1
35.0,0,17,5,2
132.0,0,15,3,1
16.5,0,11,4,1
154.0,0,14,1,1
253.0,0,20,6,1
13.5,0,23,2,1
92.0,0,22,3,1
115.0,0,8,4,1
92.0,0,16,3,1
104.5,0,19,5,1
110.0,0,19,5,1
392.0,0,17,4,1
34.5,0,18,3,1
172.75,0,22,2,1
1460.0,0,12,1,1
148.5,0,19,6,1
44.0,0,19,3,2
69.0,0,18,4,1
440.0,0,20,1,1
302.4,0,19,2,1
154.0,0,23,3,1
121.0,0,21,2,1
132.0,1,13,4,6
116.72,0,11,1,1
15.0,0,11,1,1
69.0,0,16,4,1
77.0,0,11,4,2
34.5,0,17,2,1
10.0,0,10,1,1
12.71,0,17,2,1
440.0,1,20,2,4
13.5,0,13,3,2
336.0,0,14,1,2
132.0,0,19,4,1
70.0,0,16,3,1
274.38,0,17,5,1
15.0,0,11,6,1
132.0,0,10,3,1
23.0,0,19,2,2
55.0,0,12,4,1
134.4,0,15,0,2
352.0,0,22,1,3
59.22,0,8,4,1
56.0,0,8,3,2
198.0,0,16,2,1
114.45,0,12,2,1
88.0,0,19,4,1
99.0,0,13,4,1
132.0,0,19,2,3
88.0,0,13,0,2
102.6,0,14,0,1
88.0,0,14,5,1
88.0,0,17,3,1
110.0,1,12,5,20
77.0,0,18,4,1
112.0,0,17,3,1
176.0,0,9,1,1
201.6,0,16,3,1
92.0,0,22,0,1
115.0,0,23,1,1
78.4,0,20,1,1
121.0,0,13,4,1
30.0,0,12,5,2
154.0,0,17,4,1
78.4,0,12,1,1
336.0,0,13,4,1
429.0,0,11,4,1
110.0,0,11,1,1
253.0,0,0,2,2
55.0,0,11,5,1
154.0,0,20,1,1
352.0,1,13,5,4
50.0,0,18,6,1
78.4,0,15,1,2
121.0,0,8,1,1
190.4,0,11,4,1
220.0,0,22,1,2
104.5,0,8,4,1
66.0,0,10,4,1
23.0,0,19,3,2
138.0,0,10,4,1
33.0,0,13,3,1
88.0,0,7,2,1
78.4,0,17,0,2
99.0,0,16,3,1
220.0,1,16,0,12
345.5,0,19,2,1
49.5,0,19,2,1
24.0,0,11,4,1
33.0,0,22,5,2
1060.0,0,20,3,3
46.0,1,12,4,4
10.0,0,8,0,1
46.0,0,13,3,1
78.4,0,19,4,1
99.0,0,19,4,2
156.8,0,23,4,1
448.0,0,22,5,4
115.0,0,16,4,1
62.1,0,13,2,1
78.4,0,15,0,1
210.0,0,0,4,1
156.8,0,11,0,1
92.0,0,18,2,1
286.0,0,1,6,2
15.0,0,23,5,2
78.4,0,9,3,1
46.0,0,17,3,2
25.96,0,17,0,1
99.0,0,23,3,1
198.0,0,12,6,1
20.0,0,21,5,2
121.0,0,16,3,2
143.0,0,19,4,1
92.0,0,2,0,1
67.2,0,14,5,1
132.0,0,0,5,2
44.0,0,19,1,1
132.0,1,15,4,5
92.0,0,15,4,1
112.0,0,18,0,2
88.0,0,20,3,1
33.0,0,14,4,1
36.66,0,22,2,1
308.0,0,14,4,1
224.0,0,17,2,2
99.0,0,18,4,1
172.5,0,19,4,1
23.0,0,21,3,2
198.0,0,21,1,1
69.0,0,13,3,1
148.5,0,21,6,1
46.0,0,17,3,1
84.0,0,20,4,1
5.0,0,6,2,1
55.0,0,14,4,1
172.5,0,19,3,1
56.0,0,21,6,3
78.4,0,19,0,1
1460.0,0,11,0,1
352.0,0,1,3,1
168.0,0,19,4,2
44.8,0,19,0,2
1660.0,0,10,1,2
20.0,0,8,5,1
1260.0,0,12,0,3
257.6,0,16,0,1
630.0,0,10,0,1
336.0,0,1,5,2
15.0,0,18,3,1
62.1,0,14,1,1
34.5,0,1,4,1
92.0,0,19,6,2
190.4,1,14,2,5
848.0,0,23,4,1
34.5,0,14,5,6
132.0,0,18,3,2
92.0,0,18,4,2
27.5,0,18,2,2
88.0,0,21,2,2
117.6,1,11,4,6
143.0,0,23,0,1
78.4,0,12,0,1
92.0,0,10,5,1
143.0,0,15,0,1
46.0,0,0,4,2
78.4,0,11,0,2
13.99,0,19,1,8
120.0,0,20,1,1
46.0,0,15,4,2
154.0,0,13,0,1
134.4,0,12,0,2
57.5,1,15,3,6
55.82,0,17,3,1
506.0,1,17,2,2
57.5,0,11,1,1
27.63,0,18,0,1
176.0,0,10,3,1
154.0,0,23,1,1
89.6,0,19,1,2
69.0,0,21,6,1
57.5,0,14,1,4
154.0,0,21,3,1
15.0,0,22,5,1
132.0,1,23,3,1
44.0,0,19,3,1
78.15,1,15,1,4
77.0,0,13,4,1
115.0,0,21,2,1
20.0,0,10,1,1
900.0,0,8,4,1
104.5,0,9,1,1
92.0,0,16,3,1
99.0,0,10,2,1
46.0,0,0,5,1
407.0,0,10,3,1
55.0,0,2,4,1
154.0,0,14,4,3
112.0,0,12,0,1
143.0,0,18,6,2
91.35,0,23,2,1
34.5,0,13,4,1
129.0,0,14,2,1
103.5,0,15,2,1
154.0,0,17,4,1
15.0,0,21,5,2
220.0,0,9,2,1
34.5,0,17,3,1
88.0,0,16,3,1
99.0,0,20,4,3
224.0,0,19,1,1
34.5,0,18,4,1
15.0,0,15,5,2
154.0,0,15,4,1
103.5,0,17,4,1
34.5,0,17,4,1
78.4,0,14,1,2
115.5,0,10,3,1
154.0,0,22,0,1
231.0,0,9,2,1
103.5,0,23,3,1
57.5,0,16,5,2
138.0,0,14,4,1
67.2,0,22,0,1
20.0,0,19,3,2
154.0,0,19,3,1
30.0,0,17,1,1
10.0,0,11,4,1
34.5,0,12,0,1
92.0,0,15,0,1
31.05,0,18,2,1
154.0,0,9,2,1
60.89,0,22,4,6
506.0,1,23,1,7
143.0,0,21,6,1
99.0,0,17,4,2
43.0,0,7,4,1
99.0,0,14,5,2
92.0,0,0,1,1
154.0,0,13,4,1
23.0,0,12,4,1
134.4,0,10,2,1
46.0,0,15,2,1
380.8,0,22,1,1
132.0,0,18,4,2
264.0,0,21,1,1
154.0,0,17,2,1
23.0,0,19,6,2
396.0,0,23,4,1
60.0,0,19,1,1
154.0,0,11,3,1
89.6,0,19,5,1
78.4,0,13,0,2
75.6,0,14,3,1
117.6,0,22,3,1
34.5,0,15,4,1
165.0,0,16,3,1
112.0,0,11,6,1
132.0,0,22,4,1
23.0,0,23,0,1
45.2,0,22,0,2
15.0,0,19,5,2
132.25,0,13,1,1
165.0,0,16,3,2
112.0,0,17,6,1
143.0,0,19,2,1
67.2,0,16,6,1
134.4,0,21,1,2
143.0,0,19,5,1
78.4,0,18,0,1
110.0,0,17,4,1
66.0,0,15,2,1
132.0,0,0,5,2
46.0,0,10,4,1
57.5,0,9,2,1
154.0,0,10,4,2
78.4,0,15,2,1
24.0,0,17,4,1
143.0,0,15,6,2
27.91,0,12,2,1
224.0,0,22,6,2
154.0,0,18,4,1
34.5,0,19,1,1
440.0,0,18,0,1
336.0,0,18,4,4
23.0,0,19,3,1
46.0,0,22,3,1
104.5,0,10,0,1
143.0,0,9,6,1
148.5,0,10,0,2
15.0,0,10,4,1
20.0,0,19,0,1
1460.0,0,10,0,1
46.0,1,14,3,4
110.0,0,14,3,1
46.0,0,14,4,1
201.6,0,21,4,1
330.0,0,18,6,1
110.0,0,23,3,3
20.0,0,10,6,2
307.8,0,10,2,2
224.0,0,16,0,1
830.0,0,10,0,2
224.0,0,13,0,1
165.0,0,21,1,1
95.2,0,19,1,1
67.2,0,19,0,1
78.4,0,20,1,1
112.0,0,17,1,2
33.0,0,13,5,1
77.0,0,17,4,2
156.8,0,21,0,2
55.0,0,21,6,1
68.66,0,17,4,1
34.5,0,23,2,1
57.5,1,11,4,4
55.0,0,23,3,1
123.3,0,20,4,1
132.25,0,17,1,1
31.05,0,20,3,1
352.0,0,20,1,1
308.0,0,21,1,1
121.0,0,10,4,1
143.0,0,0,6,1
210.0,0,19,5,2
10.0,0,11,2,1
154.0,0,20,2,1
78.4,0,10,0,1
99.0,0,13,1,1
40.0,0,23,3,1
49.5,0,19,0,4
154.0,0,18,1,1
92.0,0,16,0,1
99.0,0,18,4,1
46.0,0,18,2,2
297.0,0,16,6,1
46.0,1,14,3,4
46.0,0,12,3,1
145.6,0,17,2,2
34.5,0,20,5,3
176.0,0,10,3,1
36.54,0,18,5,1
92.0,0,10,0,1
308.0,0,15,4,1
99.0,0,20,3,1
253.0,0,16,0,1
154.0,0,22,0,1
156.8,0,14,0,6
190.4,0,21,5,1
34.5,0,17,5,2
154.0,0,14,4,1
46.0,0,22,6,1
78.4,0,19,0,1
34.5,0,23,1,2
88.0,0,16,4,1
46.69,0,14,4,1
172.5,1,15,3,3
145.6,0,10,4,1
70.0,0,22,1,1
30.0,0,10,6,1
10.0,0,16,6,1
99.0,0,17,3,1
156.8,0,19,2,1
176.0,0,15,3,2
154.0,0,15,1,1
13.99,0,19,1,8
77.0,0,22,1,1
99.0,0,19,3,1
20.0,0,14,5,2
49.5,0,14,2,1
78.4,0,21,0,1
44.47,0,21,4,1
154.0,0,18,4,1
105.73,0,19,2,1
33.0,0,11,5,2
156.8,0,22,4,2
57.46,0,23,0,1
55.0,0,9,3,1
249.0,0,13,3,1
69.0,0,18,3,1
154.0,0,17,4,1
77.0,0,13,6,1
112.0,0,14,3,1
154.0,0,19,2,1
345.0,0,21,4,2
154.0,0,14,2,1
89.6,0,18,2,2
57.5,0,22,2,1
201.6,0,22,4,1
99.0,0,9,2,1
5.0,0,16,6,1
55.0,0,21,4,1
246.4,0,20,2,2
156.8,0,19,1,1
99.0,0,14,5,3
55.0,0,21,6,2
44.8,0,12,0,1
258.5,0,14,1,1
176.0,0,16,2,1
156.8,0,16,0,1
179.2,0,20,1,2
44.0,0,17,5,1
34.5,0,12,4,2
198.0,0,9,2,1
67.2,0,17,6,1
216.0,0,10,3,1
70.0,0,21,4,1
134.4,0,23,0,1
257.6,0,18,0,1
67.2,0,18,3,5
286.0,0,9,6,1
31.59,1,22,5,6
89.6,0,13,2,1
34.5,0,14,4,1
35.01,0,20,5,2
198.0,0,9,2,1
830.0,0,14,0,1
172.5,0,13,4,1
10.0,0,6,4,1
190.4,1,0,0,2
88.0,0,9,1,3
132.25,0,11,1,1
154.0,0,23,3,1
27.5,0,17,2,3
132.25,0,22,0,1
121.0,0,22,0,1
103.5,0,15,2,2
189.75,0,9,1,1
110.0,0,18,4,1
179.2,0,19,1,1
69.0,0,13,4,1
92.0,0,11,0,1
104.5,0,14,4,1
63.25,0,18,1,1
92.0,0,21,0,1
153.0,1,6,2,10
154.0,0,16,4,2
55.0,0,13,2,1
112.0,0,20,0,1
154.0,0,20,1,2
154.0,0,16,4,1
154.0,0,12,2,3
110.0,0,8,3,1
66.0,0,13,2,1
154.0,0,12,0,2
78.4,0,7,0,3
154.0,0,15,0,4
67.2,0,22,0,1
138.0,0,11,2,1
44.0,0,11,0,1
154.0,0,13,1,1
104.5,0,10,0,1
403.2,0,18,4,2
121.0,0,19,4,1
64.51,0,19,4,1
154.0,0,22,1,1
67.2,0,13,3,2
35.53,0,18,5,2
56.0,0,23,1,1
100.8,0,20,2,1
132.0,0,20,3,1
154.0,0,13,3,1
165.0,0,21,4,1
138.0,1,17,3,1
34.5,0,12,1,1
37.77,0,9,3,1
78.4,0,15,2,1
16.5,0,18,5,1
336.0,0,10,1,2
112.0,0,11,0,1
134.4,0,14,0,1
264.0,0,16,0,1
275.0,1,16,0,12
201.25,0,18,0,1
172.75,0,10,1,1
121.0,0,15,4,1
1.1,0,18,0,3
73.34,0,16,3,1
89.6,0,15,6,1
105.0,0,13,5,2
27.0,0,21,4,2
187.0,0,16,3,1
110.0,0,12,5,1
150.0,0,19,4,1
110.0,0,17,3,1
100.48,1,11,3,1
176.0,0,23,1,1
86.0,0,17,2,2
280.0,0,17,5,2
89.6,0,18,5,4
110.0,0,1,5,1
99.0,0,11,4,1
69.0,0,13,0,1
448.0,0,15,4,3
112.0,0,22,4,1
66.0,0,15,5,2
16.5,0,23,5,3
88.0,0,12,4,1
78.4,0,20,5,1
403.2,0,22,3,2
111.65,0,19,0,1
49.5,0,9,5,1
184.0,0,14,1,1
156.8,0,11,3,1
132.0,1,14,4,5
172.5,0,23,6,2
34.5,0,19,5,1
78.4,0,17,1,4
16.5,0,20,3,1
62.1,0,12,0,1
425.6,0,9,2,1
104.5,0,13,1,1
70.0,0,21,3,1
172.5,1,17,3,12
30.0,0,9,6,1
24.0,0,21,4,1
34.5,0,21,5,1
330.0,0,10,2,1
165.0,0,16,4,1
103.5,0,14,2,1
60.89,0,10,2,1
20.0,0,16,5,1
46.0,1,16,4,6
231.0,0,9,2,1
275.0,0,3,4,2
231.15,0,15,2,1
15.0,0,22,4,1
63.0,0,19,6,1
176.0,0,15,6,1
5.0,0,14,6,1
154.0,0,18,2,3
73.34,0,5,1,1
64.89,0,15,4,1
78.4,0,16,2,1
148.5,0,21,6,2
105.0,0,22,4,2
88.0,0,21,0,1
352.0,1,13,5,4
78.4,0,12,0,1
23.0,0,21,2,3
35.53,0,16,5,2
31.05,0,13,2,1
46.0,0,16,2,1
10.0,0,13,1,1
176.0,0,13,5,1
224.0,0,21,1,1
89.6,0,12,1,3
20.0,0,22,6,1
20.0,0,18,0,1
33.0,0,15,5,1
99.0,0,13,5,1
176.0,0,12,4,1
77.0,1,20,3,2
15.0,0,21,2,1
345.5,0,12,2,1
104.5,0,13,3,2
154.0,0,20,0,1
848.0,0,10,4,2
110.0,0,10,2,1
1344.0,0,15,4,3
462.0,0,15,4,1
66.0,0,9,2,1
5.0,0,21,5,2
55.0,0,17,5,1
92.0,0,18,4,1
138.0,0,13,2,1
104.5,0,11,1,1
165.0,0,15,4,1
31.05,0,1,2,2
82.4,0,20,3,1
24.03,0,8,2,1
91.35,0,19,5,1
248.4,0,17,4,1
34.5,0,15,1,1
70.0,0,18,4,2
104.5,0,13,0,1
414.0,1,21,2,2
112.0,0,8,0,1
220.0,0,18,1,1
89.6,0,9,4,1
242.0,0,21,3,1
358.4,0,16,4,2
123.2,1,16,5,9
78.4,0,11,0,1
154.0,0,11,3,1
88.0,0,22,4,1
198.0,0,10,4,1
220.0,0,18,4,1
429.0,0,12,5,1
121.0,0,1,4,3
20.0,0,8,6,1
99.0,0,20,3,2
70.0,0,7,4,1
99.0,0,13,3,1
16.5,0,18,2,1
23.0,0,19,3,1
286.0,0,15,3,1
161.0,0,14,2,1
55.0,0,19,4,1
275.0,0,15,3,2
10.0,0,21,5,2
33.0,0,18,3,1
440.0,0,17,5,1
89.6,0,22,6,1
90.4,0,22,0,1
34.5,0,20,5,5
154.0,0,11,3,1
23.0,0,23,0,1
156.8,0,17,0,1
138.0,0,12,2,1
78.4,0,17,0,1
429.0,0,10,4,3
27.5,0,20,1,1
121.0,0,15,4,3
94.03,0,9,5,1
176.0,0,10,3,1
291.2,0,16,0,2
161.0,0,22,3,1
123.3,0,22,4,1
16.5,0,19,5,1
156.8,0,15,1,1
304.75,1,16,1,3
93.5,0,0,2,1
86.0,0,22,0,1
15.8,0,14,4,1
506.0,1,16,2,3
70.0,0,19,3,1
103.5,0,12,3,1
112.0,0,19,0,1
145.6,0,19,4,1
104.5,0,17,0,3
88.0,0,21,3,1
440.0,1,12,5,2
117.6,0,12,3,2
363.0,0,16,1,1
35.0,1,1,2,2
99.0,0,17,4,1
82.5,0,19,4,1
210.0,0,8,1,2
34.5,0,5,2,2
138.0,0,10,2,1
46.2,0,20,3,8
46.0,0,18,0,1
33.0,0,9,5,1
40.0,0,20,1,1
120.75,0,13,3,1
176.0,0,11,0,1
99.0,0,10,5,1
156.8,0,15,5,2
374.0,0,20,2,1
132.0,0,16,3,1
220.0,0,9,1,1
77.0,0,21,6,1
10.0,0,11,5,1
104.5,0,12,4,1
92.0,0,15,0,2
201.6,0,18,5,1
64.51,0,19,4,1
46.0,0,18,3,2
132.0,0,10,0,2
112.0,0,20,0,2
100.8,0,16,4,1
77.0,0,21,3,2
67.2,0,22,3,2
220.0,0,7,5,1
172.5,0,19,5,1
46.0,0,19,5,1
336.0,0,11,4,2
440.0,0,19,5,1
100.0,0,16,4,1
148.5,0,22,6,1
145.6,0,9,2,2
123.3,0,11,5,1
46.0,0,15,4,1
154.0,0,22,0,3
165.0,0,20,4,1
179.2,0,22,1,1
230.0,0,22,2,3
78.4,0,11,0,3
132.25,0,20,0,1
190.4,0,18,1,1
313.6,0,23,3,1
33.0,0,13,5,2
55.0,0,17,0,1
78.4,0,0,3,2
154.0,1,15,0,8
34.33,0,15,1,1
99.0,0,12,3,1
38.5,0,17,1,1
66.0,0,13,4,3
23.0,0,11,4,1
110.0,0,18,6,1
135.6,0,9,4,3
66.99,0,20,4,1
280.0,0,16,5,2
13.0,0,18,3,4
30.0,0,9,0,1
220.0,0,19,5,2
20.0,0,19,1,3
70.0,0,19,5,1
145.6,0,11,3,1
44.0,0,12,1,1
33.0,0,18,1,1
145.6,0,21,0,3
57.5,0,14,1,2
165.0,0,20,4,1
46.69,0,16,4,1
308.0,0,14,4,2
69.0,0,21,2,1
77.0,0,20,6,1
104.5,1,10,0,3
132.0,0,21,2,3
25.37,0,15,4,2
352.0,0,15,2,1
55.0,0,16,3,1
69.0,0,12,3,1
121.0,0,14,3,1
110.0,0,19,2,1
78.4,0,20,1,2
57.5,0,14,1,1
104.5,0,18,4,1
179.2,0,22,6,2
70.0,0,23,5,2
209.0,0,23,0,2
154.0,0,13,2,5
440.0,1,12,1,4
88.0,0,21,2,1
112.0,0,22,4,3
77.0,0,18,0,1
40.5,0,17,4,1
414.0,1,12,0,3
46.69,0,17,4,2
120.0,0,16,0,1
30.45,0,20,4,2
1460.0,0,15,0,2
92.0,0,21,2,1
88.0,0,21,2,1
336.0,0,13,0,2
264.5,0,9,1,1
156.8,0,0,3,3
20.0,0,18,3,1
220.0,0,9,3,2
92.0,0,7,5,1
99.0,0,8,4,2
143.0,0,22,1,1
89.6,0,13,1,1
44.8,0,21,0,3
80.5,0,14,5,1
30.45,0,15,1,3
80.5,0,17,4,1
154.0,0,13,0,1
99.0,0,13,1,1
185.39,1,3,5,1
165.0,0,16,4,1
69.0,0,16,3,1
23.0,0,12,5,1
154.0,0,17,0,1
51.9,0,13,4,1
77.0,0,13,4,3
230.0,0,22,6,1
88.0,0,7,0,1
55.0,0,20,1,1
99.0,0,19,3,2
10.0,0,17,5,2
88.0,0,9,4,1
121.0,0,14,0,1
190.4,0,22,3,1
57.5,0,10,4,1
88.0,0,22,3,1
308.0,0,18,0,1
154.0,0,21,2,2
49.5,0,23,5,1
46.0,0,14,3,1
414.0,0,19,2,6
220.0,0,10,2,1
46.0,0,14,3,1
280.0,0,22,0,3
134.4,0,14,0,2
165.0,0,11,4,2
89.6,0,16,1,1
330.0,1,21,3,2
123.3,0,8,3,1
77.0,0,19,3,1
690.0,1,15,5,5
46.0,0,17,4,2
120.75,0,13,3,2
23.0,0,18,3,1
78.4,0,17,2,1
25.0,0,12,1,1
120.75,0,11,3,1
154.0,0,18,3,1
172.5,0,21,4,1
78.4,0,13,0,1
134.4,0,20,5,1
132.0,0,19,4,2
44.0,0,23,3,1
88.0,0,20,4,1
132.0,0,16,3,1
154.0,0,15,4,1
104.5,0,21,6,1
34.33,0,12,1,1
100.8,0,0,5,1
70.0,0,10,1,1
275.0,0,18,2,2
143.0,0,17,2,1
103.5,0,15,2,1
92.0,0,21,0,1
99.0,0,22,4,1
207.0,0,14,2,1
187.0,0,21,2,1
46.0,0,14,4,1
132.0,0,23,4,2
46.0,0,19,1,1
16.5,0,2,2,2
20.0,0,21,1,1
154.0,0,13,4,1
149.74,1,10,1,3
165.0,0,15,2,1
62.1,0,21,3,1
134.4,0,9,1,3
88.0,0,21,2,2
78.4,0,13,1,1
148.5,0,21,6,1
143.0,0,12,5,1
154.0,0,20,3,1
115.5,0,10,3,1
78.4,0,12,4,4
176.0,0,16,0,1
66.0,0,21,1,1
440.0,1,22,2,3
46.0,0,19,4,1
78.15,0,11,1,1
117.6,0,14,5,1
123.2,0,13,5,1
122.81,0,21,3,1
27.5,0,17,2,3
80.5,0,15,5,3
88.0,0,21,3,2
224.0,0,21,6,1
80.5,0,17,0,1
89.6,0,19,2,1
198.0,0,9,4,1
143.0,0,13,1,1
165.0,0,20,4,1
138.0,0,18,3,1
99.0,0,16,3,2
33.0,0,12,5,1
69.0,0,23,3,2
246.4,0,15,5,1
57.5,0,20,1,2
20.0,0,11,3,1
89.6,0,16,4,1
57.5,0,9,6,1
23.0,0,19,3,1
172.75,0,14,3,2
60.0,0,10,3,1
224.0,0,16,1,1
78.4,0,23,2,1
69.0,0,10,2,1
33.0,0,18,0,1
132.0,0,14,4,1
78.4,0,14,5,1
121.0,0,21,3,1
104.5,0,11,1,1
572.0,0,16,0,1
145.6,0,20,3,2
176.0,0,9,3,1
161.0,0,16,0,1
20.0,0,17,3,1
23.0,0,19,3,2
16.5,0,17,4,1
60.0,0,11,6,1
1012.0,1,23,2,5
20.0,0,13,1,2
46.0,0,18,3,3
148.5,0,20,6,1
16.5,0,19,5,1
78.4,0,13,0,1
34.48,0,20,5,2
132.25,0,19,0,2
200.96,0,18,2,1
630.0,0,12,0,1
78.4,0,22,3,3
20.0,0,16,5,2
103.5,0,12,2,2
99.0,0,11,4,1
121.0,0,20,2,1
73.34,1,11,4,4
594.0,0,13,5,1
268.8,0,22,5,1
172.5,0,16,3,2
143.0,0,10,5,1
46.0,0,19,4,1
10.0,0,19,2,1
126.5,0,18,4,1
49.5,0,19,3,1
16.5,0,9,1,1
56.0,0,9,3,2
336.0,0,11,5,1
34.5,0,14,3,1
89.6,0,21,0,1
55.0,0,20,4,1
46.0,0,13,2,1
5.0,0,4,3,1
77.0,0,11,3,1
45.2,0,15,4,3
69.0,0,21,2,1
414.0,0,22,6,1
154.0,0,13,4,1
224.0,0,18,1,1
34.5,0,19,4,1
112.0,1,18,2,5
253.0,0,17,1,1
13.5,0,14,3,1
49.63,0,22,2,1
69.0,0,17,4,1
30.0,0,16,2,1
448.0,0,18,0,1
44.0,0,14,0,2
100.8,0,17,3,1
46.0,0,12,5,1
40.0,0,20,5,2
110.0,0,22,1,1
77.0,0,23,2,1
70.03,0,18,5,1
67.2,0,20,2,1
154.0,0,21,2,1
154.0,0,1,1,1
70.0,0,17,4,1
126.5,0,14,3,1
34.5,0,19,4,3
286.0,0,13,2,1
23.0,0,20,5,1
1460.0,0,17,0,2
120.0,0,18,2,1
123.2,0,19,5,2
99.0,0,14,5,3
172.5,0,14,4,1
89.6,0,18,2,3
57.5,0,13,4,2
414.0,0,17,2,4
55.0,0,16,2,1
201.6,0,17,6,2
220.0,0,19,3,1
172.5,0,21,3,1
154.0,0,1,3,1
330.0,0,22,3,1
230.0,0,13,4,1
33.0,0,8,5,1
154.0,0,16,4,1
49.5,0,16,1,1
92.0,0,16,6,1
34.5,0,13,4,2
35.53,0,15,5,2
23.0,0,22,3,1
360.0,1,22,3,5
78.4,0,18,2,2
336.0,0,19,4,1
873.6,0,10,4,1
46.0,0,18,2,2
99.0,0,23,5,1
121.0,0,9,4,1
134.4,0,21,0,2
34.5,0,18,5,1
49.5,0,18,5,1
69.0,0,12,6,1
156.8,0,11,3,1
148.5,0,10,0,1
630.0,0,10,0,1
184.0,0,21,3,2
132.0,0,22,2,1
84.0,0,10,4,1
35.23,0,23,6,1
121.0,0,10,4,1
55.0,0,23,1,1
134.4,0,2,3,1
99.0,0,17,3,2
30.0,0,18,5,1
46.0,0,15,4,2
55.0,0,18,2,2
23.0,0,21,1,1
88.0,0,19,4,2
132.0,0,0,2,1
28.75,0,16,5,1
66.0,0,7,1,1
123.2,0,9,4,2
104.5,0,13,6,1
374.0,0,21,4,1
172.5,0,19,2,1
268.8,0,9,3,2
55.0,0,17,5,1
50.0,0,15,2,3
58.36,0,8,3,1
77.0,0,9,2,1
80.5,0,21,3,1
154.0,0,21,0,1
66.0,0,19,4,1
198.0,0,19,3,1
99.0,0,1,4,1
154.0,0,18,4,1
165.0,0,15,2,2
88.0,0,22,2,2
132.0,0,20,4,1
104.5,0,17,0,1
10.0,0,20,2,1
46.0,0,19,1,2
112.0,0,18,5,1
138.0,0,9,4,1
143.0,0,22,0,1
46.43,0,20,2,1
92.0,0,17,1,1
78.4,0,11,1,1
5.0,0,15,4,2
165.0,0,15,3,3
69.0,0,18,4,1
27.5,0,12,6,1
159.5,0,8,4,1
33.0,0,13,0,2
134.4,0,23,0,3
100.8,0,20,5,3
172.5,1,16,4,20
33.0,0,0,2,1
57.5,0,2,3,1
24.0,0,15,1,1
121.0,0,16,4,4
121.0,0,14,4,1
16.5,0,21,5,1
69.0,0,21,4,1
352.0,0,12,1,2
55.0,0,14,1,1
165.0,0,17,0,1
120.0,0,22,4,6
49.5,0,20,1,1
89.6,0,8,3,1
143.0,0,22,4,1
15.0,0,10,4,1
168.0,0,21,0,1
333.5,0,18,0,1
16.5,0,14,5,1
104.5,0,15,1,1
33.0,0,20,0,1
224.0,0,14,1,1
99.0,0,12,3,1
60.0,0,14,4,1
10.0,0,13,5,1
1.0,0,18,0,2
34.5,0,19,4,4
403.2,0,22,1,1
179.2,0,18,1,1
57.5,0,23,4,2
10.0,0,19,4,1
46.0,0,15,4,1
100.8,0,15,4,1
99.0,0,17,2,1
99.0,0,17,3,2
34.5,0,12,4,1
132.0,0,13,4,1
280.0,0,18,4,2
121.0,0,13,4,1
402.5,0,15,0,1
15.8,0,21,2,1
67.2,0,7,0,1
115.0,0,23,1,1
20.0,0,15,2,1
313.6,0,12,2,1
34.5,0,17,4,1
179.2,0,13,4,1
154.0,0,20,0,1
630.0,0,13,1,1
172.5,0,14,4,3
280.0,0,16,4,1
88.0,0,13,0,1
225.0,0,12,1,2
66.0,1,18,2,4
115.5,0,10,3,1
70.0,0,23,1,1
224.0,0,15,0,2
165.0,1,16,0,12
145.6,0,21,4,1
104.5,0,0,4,1
69.0,0,23,2,1
15.0,0,13,0,1
264.0,0,22,4,1
78.4,0,15,2,2
78.4,0,11,0,3
67.2,0,22,4,1
104.5,0,17,4,1
156.8,0,13,0,1
190.4,0,13,3,1
77.0,0,10,0,1
30.0,0,14,6,1
70.0,0,13,3,1
161.0,0,14,4,1
23.0,0,6,5,1
34.5,0,11,3,2
88.0,0,22,1,1
165.0,0,13,4,1
198.0,0,16,5,1
5.0,0,1,1,3
630.0,0,11,0,1
198.0,0,10,4,1
78.4,0,15,0,2
132.0,0,18,2,1
1060.0,0,20,3,3
207.0,0,10,2,1
286.0,0,23,6,3
99.0,0,14,4,2
104.5,0,18,1,1
148.5,0,23,6,1
92.0,0,11,3,1
46.0,0,15,4,1
23.0,0,0,2,2
145.6,0,16,2,1
187.0,0,9,2,1
92.0,0,14,2,2
23.35,0,16,4,1
50.0,0,21,6,3
110.0,0,11,3,1
89.6,0,7,0,1
138.0,0,13,2,2
86.0,0,12,0,1
143.0,0,19,3,2
35.01,0,9,4,1
145.6,0,13,0,3
15.0,0,23,0,2
212.13,0,19,0,6
111.65,0,19,0,1
172.5,0,19,4,1
10.0,0,17,6,2
88.0,0,21,3,1
78.4,0,17,2,2
112.0,0,17,0,1
23.0,0,19,0,1
77.0,0,17,3,4
198.0,0,17,4,2
49.5,0,8,5,1
16.5,0,22,1,3
34.5,0,16,5,1
73.34,0,14,3,1
30.45,0,15,1,3
231.0,0,12,3,1
253.0,0,23,3,1
69.0,0,21,3,1
88.0,0,18,4,1
78.4,0,17,3,1
112.0,0,19,1,1
88.0,0,19,4,1
18.34,0,18,4,2
20.0,0,10,2,2
402.5,0,17,4,2
110.0,1,11,3,5
100.8,0,18,5,1
60.0,0,10,5,1
44.0,0,14,2,1
403.2,0,16,0,1
92.0,0,0,0,1
176.0,0,10,3,1
156.8,0,19,0,1
179.2,0,18,2,1
145.6,0,11,2,1
154.0,0,19,2,1
46.0,0,15,1,1
46.0,0,12,0,1
172.5,0,12,4,1
161.0,0,12,0,1
49.5,0,13,5,1
112.0,1,21,1,5
92.0,0,10,5,1
264.0,0,21,4,1
29.34,0,23,2,4
10.0,0,8,2,1
55.0,0,20,4,1
89.6,0,10,2,3
104.5,0,20,2,1
198.0,0,0,4,1
345.0,0,22,4,3
132.0,0,22,4,2
23.0,0,18,1,3
110.0,0,17,4,1
99.0,0,22,2,3
55.0,0,17,1,4
110.0,0,8,3,1
297.0,0,2,5,1
134.4,0,22,2,1
55.0,0,15,4,1
57.5,0,16,5,2
132.25,0,19,0,2
184.0,0,20,2,2
40.0,0,17,1,1
36.66,0,18,1,1
92.0,0,12,1,1
160.0,0,10,0,1
112.0,0,15,0,1
168.0,0,12,0,2
23.0,0,12,1,1
264.5,0,14,2,2
20.0,0,16,1,1
145.6,0,8,2,1
67.2,0,21,1,2
34.5,0,13,4,1
57.5,0,11,3,1
123.2,1,16,5,9
156.8,0,19,3,1
132.0,0,22,1,2
224.0,0,16,1,1
132.0,0,20,4,1
172.5,1,19,3,5
104.5,0,15,2,1
99.0,0,21,3,1
77.0,0,18,2,1
46.0,1,17,3,4
67.2,0,0,4,1
138.0,0,8,3,1
67.2,0,12,2,1
84.0,0,16,3,2
360.0,0,15,5,2
172.5,0,8,4,1
15.8,0,22,3,1
35.0,0,12,2,1
285.6,0,8,3,1
15.0,0,12,0,1
138.0,0,14,2,1
209.0,0,21,4,1
145.6,0,20,0,2
121.0,0,14,4,1
154.0,0,20,2,1
198.0,0,16,4,1
143.0,0,13,2,1
132.0,0,21,0,1
154.0,0,23,3,1
110.0,0,22,2,1
46.0,0,17,2,1
67.2,0,22,6,1
220.0,0,18,4,1
160.0,0,18,4,1
336.0,0,18,4,2
56.0,0,14,2,1
92.0,0,15,4,1
99.0,0,19,4,1
219.8,0,13,0,2
69.0,0,10,1,1
242.0,0,8,6,1
268.8,0,12,0,1
172.5,0,12,4,1
46.0,0,15,3,2
154.0,0,16,4,1
195.5,0,13,4,1
100.8,0,19,4,1
99.0,0,19,4,1
143.0,0,16,1,1
33.0,0,16,4,1
154.0,0,21,3,3
352.0,0,0,5,1
30.0,0,12,5,1
88.0,0,19,4,3
69.0,0,12,3,2
77.0,0,23,1,1
201.25,1,22,0,4
111.65,0,14,4,1
99.0,0,11,3,1
69.0,0,14,4,1
63.94,0,18,1,1
18.34,1,19,4,6
103.5,0,12,0,2
10.0,0,11,6,1
280.0,0,16,5,2
88.0,0,20,1,1
138.0,0,16,2,1
168.0,0,20,6,1
246.6,0,21,5,1
77.0,0,17,1,2
123.3,0,21,6,1
380.8,0,11,4,1
145.6,0,0,3,1
23.0,0,10,0,1
112.0,0,9,1,1
69.0,0,14,4,1
35.01,0,15,5,1
184.0,0,11,5,1
84.0,0,19,1,1
143.0,0,13,2,2
132.25,0,19,0,4
165.0,0,22,0,1
112.0,0,16,0,1
77.0,0,17,3,4
630.0,0,13,0,1
154.0,0,17,1,1
55.0,0,10,4,1
345.0,0,12,4,1
23.0,0,20,3,1
77.0,0,11,2,2
20.0,0,15,4,1
57.5,0,14,4,2
103.5,0,18,2,1
10.0,0,13,1,2
138.0,0,11,2,1
31.59,0,13,6,1
36.66,0,12,6,1
55.0,0,0,4,1
154.0,0,16,4,3
27.5,0,22,0,2
253.0,1,0,2,5
72.0,0,23,4,1
45.2,0,22,4,1
220.0,0,18,0,1
69.0,0,17,1,2
74.16,0,17,4,1
77.0,0,22,2,1
70.0,0,15,4,1
33.0,0,21,5,1
67.2,0,18,0,2
57.5,0,15,1,1
34.5,0,20,5,1
145.6,0,20,2,1
99.0,0,12,4,1
132.0,0,17,3,1
828.0,0,19,2,6
77.0,0,10,0,1
16.5,0,13,1,2
10.0,0,20,5,2
70.0,0,11,5,1
154.0,0,21,3,1
82.5,0,11,3,1
99.0,0,12,4,1
40.5,0,0,2,1
31.59,0,15,4,1
92.0,0,9,2,2
34.5,0,16,3,2
103.5,0,15,6,1
148.5,0,22,6,2
5.0,0,20,3,2
154.0,0,10,1,1
207.0,0,11,2,1
93.15,0,18,4,1
187.0,0,10,0,2
143.0,0,15,0,1
55.0,0,13,1,2
78.4,0,22,6,1
57.5,1,15,1,6
78.4,0,13,1,1
308.0,0,11,4,1
143.0,0,11,5,1
89.6,0,0,1,1
89.6,0,22,3,1
145.6,0,21,4,3
33.0,0,11,5,1
187.0,0,22,3,2
46.0,0,11,4,1
115.0,0,18,5,1
132.25,0,18,0,2
46.0,0,10,2,1
143.0,0,15,0,1
291.2,0,17,3,1
44.8,0,16,0,2
184.0,0,19,0,1
104.5,0,18,4,1
242.0,0,11,3,1
154.0,0,18,4,1
37.6,0,15,2,1
112.0,0,16,0,1
35.2,0,15,2,1
308.0,0,22,3,1
46.0,1,14,3,4
23.0,0,19,4,1
17.51,0,16,1,1
154.0,0,15,4,3
517.5,0,14,2,1
66.0,0,21,5,2
440.0,0,14,4,1
69.0,1,18,4,1
123.3,0,13,5,1
28.0,0,21,3,1
176.0,0,14,4,1
132.0,0,21,4,1
70.0,0,18,5,1
77.0,0,14,4,1
78.4,0,22,2,1
1908.0,0,14,3,2
69.0,0,12,4,1
46.0,0,17,3,1
110.0,0,7,2,3
425.6,0,21,1,1
70.0,0,14,0,1
20.0,0,20,2,1
44.0,0,19,4,1
112.0,0,11,5,2
172.5,0,18,4,3
99.0,0,18,4,1
77.0,0,0,2,1
184.0,0,13,5,1
132.0,0,12,4,1
92.0,0,19,4,2
73.34,0,22,5,2
145.6,0,19,6,2
70.0,0,14,0,1
82.5,0,19,4,1
121.0,0,11,3,2
112.0,0,11,4,2
88.0,0,12,5,2
154.0,0,10,1,2
34.5,0,19,5,4
268.8,0,13,0,2
23.0,0,20,1,1
36.54,0,16,4,1
56.0,0,15,2,1
132.0,0,17,4,1
308.0,0,21,3,1
58.36,0,12,3,1
154.0,0,13,0,1
104.5,0,17,6,1
34.5,0,17,1,2
55.0,0,22,1,1
10.0,0,19,5,1
10.0,0,14,5,3
154.0,0,13,2,5
5.0,0,10,4,1
241.5,0,13,4,2
44.8,0,11,0,1
33.0,0,13,4,2
40.0,0,21,4,1
396.0,0,13,4,1
80.5,0,16,4,1
99.0,0,16,4,1
88.0,0,18,4,1
336.0,0,3,5,1
99.0,0,12,3,1
88.0,0,8,3,2
154.0,1,0,4,2
258.5,0,13,4,1
34.5,0,16,4,2
77.0,0,0,1,1
630.0,0,10,0,1
89.6,0,19,1,1
132.0,0,9,4,1
77.0,0,17,4,1
154.0,0,18,4,1
483.0,1,9,3,2
121.0,0,14,4,1
154.0,0,22,3,1
112.0,0,23,3,2
27.0,0,11,2,2
132.25,0,18,0,1
304.75,1,23,0,12
154.0,0,19,0,1
33.0,0,12,4,1
50.75,0,9,4,1
92.0,0,0,3,2
35.53,0,17,3,1
231.0,0,23,3,1
264.0,0,12,0,2
46.0,0,11,0,1
15.0,0,15,5,2
82.5,0,12,4,1
88.0,0,23,2,1
88.0,0,13,5,1
23.0,0,18,4,1
92.0,1,2,4,2
99.0,0,20,3,1
34.5,0,13,5,1
69.0,0,22,3,1
154.0,0,17,1,1
67.2,0,13,2,1
264.5,0,20,0,1
92.0,0,23,6,1
10.0,0,21,4,2
121.0,0,14,4,1
62.1,0,19,3,2
264.0,0,15,5,1
220.0,0,17,1,1
112.0,1,11,3,3
121.0,0,18,4,1
280.0,0,22,1,3
154.0,0,18,4,1
143.0,0,0,5,2
92.0,0,14,6,1
46.0,1,17,3,4
134.4,0,11,1,1
143.0,0,8,2,1
168.0,0,20,3,2
69.0,0,15,2,1
132.0,0,14,2,1
112.0,0,13,3,1
69.0,0,20,2,1
46.0,0,23,3,2
78.4,0,23,1,1
123.3,0,17,6,1
80.5,0,15,1,1
143.0,0,20,6,1
23.0,0,21,3,1
143.0,0,10,0,2
73.34,0,22,4,3
89.6,0,11,4,1
25.0,0,21,3,1
264.5,0,18,0,1
172.5,1,15,3,3
28.75,1,16,0,3
110.0,0,20,2,3
291.2,0,15,6,1
308.0,0,10,1,1
220.0,0,16,4,1
16.5,0,22,3,2
69.0,0,13,3,1
154.0,0,12,4,1
83.0,0,12,2,1
55.82,0,12,1,1
67.2,0,16,1,1
46.0,0,15,5,1
89.6,0,11,4,1
23.0,0,9,2,1
81.71,0,18,6,1
154.0,0,20,3,1
96.0,0,17,2,1
104.5,0,17,2,1
134.4,0,9,0,1
672.0,0,19,4,1
112.0,0,21,3,1
48.0,0,17,1,2
132.25,0,21,0,2
46.0,0,13,3,1
46.0,0,12,2,1
110.0,0,18,4,3
172.75,0,12,3,1
330.0,0,20,4,1
462.0,1,0,4,1
264.5,0,23,0,2
52.53,0,14,3,2
99.0,0,12,4,2
16.5,0,22,3,1
35.0,0,14,2,2
88.0,0,19,3,2
100.8,0,18,4,1
156.8,0,15,3,1
25.0,0,7,3,1
88.0,0,17,2,1
308.0,0,19,0,1
34.5,0,20,3,3
145.6,0,20,0,1
18.34,0,22,1,2
69.0,0,9,4,2
154.0,0,15,4,1
275.0,0,11,1,2
27.0,0,9,4,1
172.5,0,19,4,1
112.0,0,22,3,1
138.0,0,22,1,2
57.5,1,15,1,6
33.0,0,22,3,1
506.0,1,12,0,3
143.0,0,16,1,1
99.0,0,11,3,1
46.0,0,14,4,3
143.0,0,19,2,2
220.0,0,18,4,1
96.42,0,20,5,2
10.0,0,21,6,1
46.0,0,13,1,1
184.0,0,13,4,1
40.0,0,10,6,2
66.0,0,17,2,2
35.01,0,19,5,1
46.69,0,16,4,1
172.5,1,23,2,8
102.6,0,11,0,1
46.0,0,17,3,1
154.0,0,1,5,1
46.0,0,15,1,1
23.0,0,17,4,1
23.0,0,20,4,1
198.0,0,23,4,1
20.0,0,21,2,1
78.4,0,23,1,1
10.0,0,17,1,1
198.0,0,10,4,1
103.5,0,14,2,1
67.2,0,14,0,1
440.0,0,22,0,1
250.0,0,16,4,2
70.44,0,15,6,1
34.5,0,18,4,2
67.2,0,19,0,1
148.5,0,19,6,1
134.4,0,12,0,1
55.82,0,19,2,1
70.0,0,21,4,1
143.0,0,19,2,1
297.0,0,11,3,2
120.75,0,17,3,1
134.4,0,15,0,1
77.0,0,17,3,2
70.0,0,14,6,2
110.0,0,16,4,2
86.0,0,21,4,1
112.0,1,18,1,1
78.4,0,16,0,1
550.0,0,18,4,1
95.2,0,8,4,2
121.0,0,19,4,1
69.0,0,10,2,1
46.69,0,19,1,1
78.4,0,12,0,2
120.0,0,18,4,1
24.0,0,23,1,1
88.0,0,10,6,1
154.0,0,21,2,1
65.3,1,19,0,8
92.0,0,13,5,1
18.34,0,15,0,1
78.4,0,21,1,2
207.0,0,11,2,1
143.0,0,12,2,1
78.4,0,14,0,2
92.0,0,9,3,1
92.0,0,13,4,1
55.0,0,10,0,1
154.0,0,8,4,1
16.5,0,18,5,1
40.0,0,17,0,1
201.6,0,13,3,1
23.0,0,17,1,1
103.5,0,10,2,1
308.0,0,16,1,4
179.2,0,0,5,1
82.5,0,20,3,1
165.0,1,14,5,4
131.0,0,14,1,1
308.0,0,22,0,1
132.0,1,17,4,3
16.5,0,0,5,1
115.5,0,10,3,1
104.5,0,11,4,1
99.0,0,22,4,1
345.0,0,15,4,1
220.0,0,22,4,2
57.5,0,16,5,3
187.0,0,17,3,1
34.5,0,17,2,5
17.24,1,13,1,8
134.4,0,12,0,1
156.8,0,17,3,1
27.5,0,16,2,1
528.0,0,19,4,1
66.0,0,19,1,8
95.91,0,14,1,1
121.0,0,20,3,1
154.0,0,20,0,1
132.0,0,14,4,2
35.0,0,14,5,2
660.0,0,21,1,1
134.4,0,9,2,1
77.0,0,23,3,1
88.0,0,17,4,1
31.05,0,9,3,1
110.0,0,18,3,1
99.0,0,0,3,1
69.0,0,18,5,1
138.0,0,19,5,1
92.0,0,0,3,2
23.0,0,19,2,1
148.5,0,22,6,1
46.0,0,22,6,1
69.0,0,14,4,1
55.0,0,17,1,2
24.0,0,16,1,1
154.0,0,11,2,1
257.6,0,18,0,1
143.0,0,10,1,1
88.0,0,21,2,3
55.0,0,20,4,1
55.0,0,13,1,1
308.0,0,20,1,1
231.0,0,23,4,2
78.4,0,14,0,2
154.0,0,15,0,1
216.0,0,12,1,1
38.5,0,8,1,1
60.0,0,17,3,3
308.0,0,18,4,1
34.5,0,21,3,1
20.0,0,20,2,2
190.4,1,0,0,2
302.4,0,11,0,1
352.0,0,15,1,1
57.5,1,11,4,4
506.0,1,0,2,5
77.0,0,14,4,1
70.0,0,20,5,2
69.0,0,15,4,1
89.6,0,0,2,3
5.0,0,21,3,2
15.0,0,15,4,1
44.0,0,21,1,1
15.0,0,12,6,1
46.0,1,16,4,3
231.0,0,17,6,1
46.0,0,22,3,1
224.0,0,18,2,1
462.0,0,10,1,1
630.0,0,10,0,2
134.4,0,0,1,1
537.6,0,0,5,1
154.0,0,14,4,1
23.0,0,20,6,1
34.5,0,21,3,1
134.4,0,8,3,1
172.5,0,21,3,4
55.27,0,13,4,1
23.0,0,10,6,1
69.0,0,16,2,5
253.0,0,21,0,1
73.07,0,12,1,3
144.0,0,14,1,2
57.5,0,21,6,1
112.0,0,9,1,4
99.0,0,9,4,2
198.0,0,16,0,1
121.0,0,19,1,1
55.0,0,16,3,1
154.0,0,11,1,1
341.0,0,18,2,1
57.46,0,13,0,1
264.0,0,13,1,2
336.0,0,20,4,1
78.4,0,18,2,1
440.0,0,20,4,1
70.0,0,21,4,1
154.0,0,15,4,1
92.0,0,11,4,1
46.0,0,11,1,1
156.8,0,4,1,1
112.0,0,19,4,1
25.0,0,13,1,1
319.0,0,13,5,1
23.0,0,12,4,1
78.4,0,15,5,1
172.5,0,15,4,1
25.0,0,16,3,2
70.0,0,19,2,1
46.0,0,22,3,1
345.0,0,10,4,1
154.0,0,17,3,1
121.0,0,17,4,3
77.0,0,23,0,1
110.0,0,21,1,1
28.75,0,13,0,2
79.31,1,19,0,8
23.0,0,11,4,1
62.1,0,22,1,1
154.0,0,22,2,1
33.0,0,11,4,1
99.0,0,12,5,1
10.0,0,20,3,3
103.5,0,15,2,1
78.4,0,12,0,1
70.0,0,13,4,1
198.0,0,20,2,1
112.0,0,12,6,1
77.0,0,15,5,3
71.05,0,12,1,1
145.6,0,19,3,1
69.0,0,17,0,2
154.0,0,22,3,1
23.0,0,22,3,1
168.0,0,1,5,3
143.0,0,18,2,1
46.0,0,18,4,1
138.0,0,21,1,1
46.69,0,17,0,1
88.0,0,20,3,1
78.4,0,22,0,2
46.0,0,19,6,1
179.2,0,19,5,3
44.8,0,14,0,1
20.0,0,13,5,1
425.6,0,14,1,1
110.0,0,0,4,2
92.0,0,18,2,1
121.0,0,13,4,1
102.6,0,11,5,1
99.0,0,18,2,1
132.0,0,15,6,1
55.0,0,17,5,1
30.45,1,22,1,5
154.0,0,22,2,1
69.0,0,1,0,2
165.0,0,22,0,1
88.0,0,7,2,2
69.0,0,10,5,1
308.0,0,14,4,1
56.0,0,19,6,1
99.0,0,14,4,1
77.0,0,18,2,1
77.0,0,23,1,1
126.5,0,18,1,1
73.34,0,22,5,2
20.0,0,10,1,1
201.25,0,18,0,1
418.0,1,14,5,4
67.2,0,23,2,1
143.0,0,17,4,1
69.0,0,11,3,1
62.1,0,12,0,2
23.0,0,22,1,1
123.3,0,18,4,1
184.0,0,20,1,1
134.4,0,18,5,1
143.0,0,19,5,1
23.0,0,1,4,1
77.0,0,17,1,1
112.0,0,22,0,1
308.0,0,20,2,2
34.5,0,18,5,1
23.0,0,12,2,2
92.0,0,20,0,1
77.0,0,18,5,4
241.5,0,11,2,1
172.5,0,7,3,2
176.0,0,14,4,1
352.0,0,18,1,3
10.0,0,17,3,1
92.0,0,15,4,1
82.5,0,17,0,1
62.1,0,18,0,1
88.0,0,20,2,1
138.0,0,13,6,2
190.4,0,1,1,3
66.0,0,22,3,1
198.0,0,15,3,1
112.0,0,21,5,3
154.0,0,18,3,1
23.0,0,23,3,1
66.0,0,11,4,2
660.0,0,18,0,1
121.0,0,10,3,1
123.2,1,17,5,3
5.0,0,21,5,1
308.0,0,18,1,1
15.0,0,15,6,1
134.4,0,18,3,1
46.0,1,14,3,4
145.6,0,18,4,1
176.0,0,10,3,1
115.0,0,19,3,1
46.0,0,11,4,1
77.0,0,17,3,3
123.3,0,18,4,1
123.2,0,23,3,1
20.0,0,10,3,1
126.5,0,18,4,1
57.5,0,13,2,5
345.0,0,23,0,3
62.1,0,13,6,1
88.0,0,0,3,1
138.0,0,13,1,1
99.0,0,21,3,1
46.0,0,16,2,1
172.5,0,14,4,1
77.0,0,21,3,1
70.0,0,1,4,1
89.6,0,20,2,1
132.0,0,22,2,2
330.0,0,23,3,1
77.0,0,15,3,1
77.0,1,18,2,2
165.0,0,16,4,1
268.9,0,15,3,1
53.0,0,12,4,1
143.0,0,15,1,1
123.58,0,9,4,1
319.0,0,19,2,1
77.0,0,17,3,3
190.0,0,14,5,2
110.0,1,12,5,20
10.0,0,14,4,1
55.0,0,11,2,1
34.5,0,19,5,1
49.5,0,15,1,1
336.0,0,12,5,1
112.0,0,23,1,3
20.0,0,13,5,1
286.0,0,17,6,1
62.1,0,18,1,1
275.0,0,19,3,1
44.8,0,14,2,3
28.75,0,22,3,1
23.0,0,18,0,1
69.0,0,14,5,1
74.85,0,10,3,1
154.0,0,18,1,1
78.15,1,20,0,3
120.75,0,12,3,2
88.0,0,18,3,1
92.0,0,18,3,1
107.21,0,21,3,1
132.0,0,19,5,1
88.0,0,14,5,2
25.0,0,18,5,1
176.0,0,19,4,1
89.6,0,16,1,1
902.0,0,20,2,1
77.0,0,19,3,3
99.0,0,22,4,1
154.0,0,14,1,1
159.5,0,18,4,1
145.6,0,18,0,2
66.0,0,14,1,1
110.0,0,21,6,1
123.3,0,14,3,2
57.5,0,19,4,2
264.0,0,20,4,1
172.5,1,15,3,3
23.0,0,0,2,1
110.0,0,14,4,1
78.4,0,9,3,1
187.0,0,20,2,1
34.5,0,20,3,2
20.0,0,11,6,1
92.0,0,13,2,1
2.1,0,18,5,1
470.0,0,14,4,2
88.0,0,17,4,1
235.2,0,18,2,1
55.0,0,10,2,1
207.0,0,17,2,1
35.01,0,15,2,1
88.0,0,9,5,1
168.0,0,19,1,1
20.0,0,16,5,2
190.4,0,17,4,1
132.25,0,18,0,1
89.6,0,11,4,1
154.0,0,15,0,1
297.0,0,20,0,1
17.24,1,1,1,3
154.0,0,21,0,1
143.0,0,17,4,2
138.0,0,19,5,1
46.0,0,22,1,1
154.0,0,18,0,1
630.0,0,15,0,1
143.0,0,23,2,1
201.6,0,0,4,2
46.0,1,15,4,20
16.5,0,21,0,1
35.53,0,8,3,1
104.5,0,15,0,1
216.0,0,20,2,1
89.6,0,17,0,1
46.0,0,13,5,5
55.0,0,17,4,2
55.0,1,16,0,12
31.05,0,14,2,1
77.0,0,1,4,1
134.4,0,23,0,3
88.0,0,21,4,1
286.0,0,22,6,1
30.0,0,17,0,1
34.5,0,19,4,1
179.2,0,13,1,1
60.0,0,14,4,2
134.4,0,19,5,1
114.94,0,12,6,1
156.8,0,10,5,1
53.0,0,22,3,1
10.0,0,21,5,2
176.0,0,13,1,1
172.5,0,10,4,1
207.0,0,14,2,3
425.6,0,17,0,1
55.0,0,14,5,1
95.2,0,13,2,3
78.4,0,12,3,1
200.0,0,20,5,3
110.0,0,19,0,1
20.0,0,23,3,1
17.24,0,13,1,8
220.0,0,14,1,1
190.4,1,15,2,5
88.0,0,9,3,1
190.4,0,0,1,1
132.0,0,15,4,1
99.0,0,11,3,1
99.0,0,21,3,1
143.0,0,14,4,1
123.2,1,16,5,9
31.59,0,13,5,1
10.0,0,19,5,1
154.0,0,14,4,1
100.8,0,18,3,1
78.4,0,13,0,2
209.0,0,18,4,1
15.0,0,10,5,1
179.2,0,20,3,1
88.0,0,10,0,1
143.0,0,15,2,1
104.5,0,16,3,1
70.0,0,0,5,1
224.0,0,12,2,2
403.2,0,9,3,1
51.49,0,18,6,1
55.82,0,17,5,2
308.0,0,19,0,1
55.82,0,14,3,1
23.0,0,11,1,1
20.0,0,12,5,1
112.0,0,9,2,1
88.0,0,18,3,2
115.0,0,18,4,3
92.0,0,21,0,1
67.2,0,12,4,1
80.5,0,14,6,3
46.0,1,15,4,4
49.5,0,16,4,1
201.6,0,19,0,1
154.0,0,16,0,2
308.0,0,18,2,1
60.89,0,9,1,1
46.0,0,10,4,1
55.0,0,20,2,1
89.6,0,8,3,1
92.0,0,23,3,2
92.0,0,13,1,1
154.0,0,18,4,2
201.25,0,18,0,1
825.0,0,17,0,2
235.2,0,8,1,1
80.5,0,18,4,2
154.0,0,20,1,1
360.0,0,10,3,1
103.5,0,21,2,1
116.72,0,20,3,2
190.4,0,14,5,2
33.0,0,18,4,1
123.3,0,22,0,1
165.0,1,18,4,3
582.4,0,21,4,2
264.0,0,22,4,1
99.0,0,19,1,1
34.5,0,16,0,1
250.0,1,16,6,20
92.0,0,21,4,1
104.5,0,15,4,1
112.0,0,15,6,1
297.0,0,13,2,1
27.5,0,21,2,1
55.0,0,23,3,2
31.05,0,0,3,1
154.0,0,12,2,3
115.5,0,10,3,1
134.4,0,19,5,3
77.0,0,19,3,2
13.5,0,16,4,1
172.5,1,23,2,8
88.0,0,18,4,2
48.0,0,11,6,1
22.0,0,12,1,2
220.0,1,20,2,4
121.0,0,11,4,1
69.0,0,16,4,1
78.4,0,17,1,1
115.5,0,10,3,1
66.0,0,21,5,2
103.5,0,10,2,2
99.0,0,9,2,1
336.0,0,15,4,1
99.0,0,17,1,1
111.65,0,20,2,3
34.5,0,8,1,1
207.0,0,15,2,1
145.6,0,11,4,1
308.0,0,22,1,2
120.0,0,13,4,1
88.0,0,13,5,1
35.53,0,21,2,1
154.0,0,22,3,1
132.0,0,12,4,1
88.0,0,12,4,1
24.0,0,17,1,1
43.0,0,0,3,1
154.0,0,1,2,2
264.0,0,23,3,2
336.0,0,19,4,4
112.0,0,16,6,3
23.0,0,12,2,1
55.0,0,15,5,3
99.0,0,19,2,2
44.8,0,15,1,1
123.2,0,19,5,2
110.0,1,12,5,6
80.5,0,13,0,1
257.6,0,22,1,1
112.0,0,19,0,1
440.0,0,11,1,2
49.63,0,19,6,1
132.0,0,14,3,1
352.0,0,13,1,1
54.6,0,20,2,1
187.0,0,13,4,1
341.0,0,9,2,1
34.5,0,16,2,1
72.8,0,21,0,2
134.4,0,13,3,2
80.5,0,20,1,1
77.0,0,18,4,1
99.0,0,15,5,2
132.0,0,15,2,1
63.16,0,15,3,1
247.5,0,19,4,1
268.8,0,19,1,1
110.0,0,17,2,1
70.0,0,14,1,1
143.0,0,11,2,1
115.0,0,10,2,1
78.4,0,19,3,1
250.0,1,16,6,20
154.0,0,22,0,1
154.0,0,17,0,1
230.0,0,17,5,2
20.0,0,18,1,1
132.0,0,23,4,2
25.0,0,18,6,1
104.5,0,12,1,1
156.8,0,14,3,1
172.5,0,22,4,1
33.0,0,21,0,1
190.4,0,16,5,1
89.6,0,10,3,2
23.0,0,21,3,1
112.0,0,13,0,2
880.0,0,19,5,1
660.0,1,13,4,1
99.0,0,17,3,1
112.0,0,12,2,1
89.6,0,10,3,1
154.0,0,21,0,1
45.0,0,22,5,1
35.0,0,13,3,1
44.0,0,9,2,3
345.0,0,14,3,1
630.0,0,10,0,1
31.59,0,10,4,2
495.0,0,15,3,1
145.6,0,15,1,4
121.0,0,22,6,1
134.4,0,12,6,1
99.0,0,19,0,1
55.0,0,22,1,6
84.0,0,14,5,1
55.0,0,13,2,1
67.2,0,11,0,1
132.0,0,11,1,1
99.0,0,23,4,1
46.0,0,22,3,1
156.8,0,10,5,2
34.5,0,17,4,1
57.5,1,12,4,1
34.5,0,7,1,3
57.5,0,22,6,1
20.0,0,22,3,1
99.0,0,21,2,2
78.4,0,12,0,1
23.0,0,9,3,1
154.0,0,15,1,1
154.0,0,23,1,3
132.0,0,14,3,1
154.0,0,10,1,2
84.0,0,18,3,1
34.5,0,16,4,1
156.8,0,23,0,1
62.1,0,19,5,1
250.0,1,16,6,20
88.0,0,21,2,3
16.5,0,18,1,1
154.0,0,17,4,1
112.0,0,9,1,2
132.0,0,11,3,1
110.0,0,10,0,1
49.5,0,17,3,1
121.0,0,18,2,1
46.0,0,1,0,1
99.0,0,17,3,2
156.8,0,17,0,1
112.0,0,8,4,1
77.0,0,21,4,1
336.0,0,0,5,3
78.4,0,10,3,2
220.0,0,23,2,1
36.66,0,15,1,1
123.3,0,0,2,3
80.0,1,0,4,2
17.24,1,13,1,8
23.68,0,13,0,1
99.0,0,20,4,1
35.01,0,17,3,1
165.0,0,21,0,1
20.0,0,23,6,1
43.0,0,19,1,1
23.0,0,19,3,1
104.5,0,0,1,1
286.0,0,17,6,1
336.0,0,9,1,1
44.8,0,14,0,2
78.4,0,14,0,1
56.0,0,11,2,1
28.75,0,19,6,2
92.0,0,18,2,1
73.07,0,23,4,1
143.0,0,17,0,1
36.66,0,19,3,1
20.0,0,12,2,1
132.25,0,15,1,2
352.0,0,14,0,1
154.0,0,19,0,1
16.5,0,12,5,1
27.5,0,23,0,1
23.0,0,23,2,2
145.6,0,13,0,3
44.8,0,12,0,1
69.0,0,23,0,2
78.4,0,12,1,1
172.75,0,20,0,1
112.0,0,21,6,2
154.0,0,15,0,2
50.75,0,14,2,3
264.0,0,12,4,1
121.0,0,11,1,1
67.2,0,9,2,1
57.5,0,11,0,2
143.0,0,9,4,1
132.0,0,19,3,1
112.0,1,23,2,6
99.0,0,19,0,1
77.0,0,17,3,6
132.0,0,13,3,1
10.0,0,10,1,1
115.0,0,17,0,2
264.0,0,10,2,2
268.8,0,15,1,1
35.0,0,14,5,1
145.6,0,16,4,1
103.5,0,15,2,1
198.0,0,19,4,1
462.0,0,15,4,1
121.0,0,9,5,1
89.6,0,19,1,1
70.0,0,19,3,1
121.0,0,17,3,1
154.0,0,15,4,1
10.0,0,17,4,1
123.3,0,21,5,1
345.0,0,21,4,1
69.0,0,20,6,1
66.0,0,22,3,1
83.0,0,12,2,1
44.0,0,14,0,1
46.69,0,21,0,1
276.0,0,12,2,1
190.4,1,16,4,20
69.0,0,17,2,2
46.0,0,13,4,1
341.0,0,22,2,1
145.6,0,0,2,2
154.0,0,21,2,2
100.8,0,21,5,2
83.0,0,22,1,2
123.58,0,15,0,1
165.0,0,11,4,2
78.4,0,0,3,1
123.2,0,14,5,1
46.0,0,1,4,1
92.0,0,18,6,2
89.6,0,20,0,1
616.0,0,12,0,1
104.5,0,13,3,3
230.0,0,22,5,1
121.0,0,10,5,1
69.0,0,20,3,1
34.5,0,10,5,2
15.0,0,14,5,2
168.0,0,23,4,1
148.5,0,22,6,3
154.0,0,18,0,2
70.03,0,14,0,1
46.0,0,14,5,2
104.5,0,15,0,2
143.0,0,16,3,1
46.0,0,18,5,1
12.01,0,18,4,1
143.0,0,11,4,1
70.0,0,11,5,1
99.0,0,10,2,1
156.8,0,9,3,4
143.0,0,14,1,1
198.0,0,8,4,1
15.0,0,19,5,2
165.0,0,17,2,1
121.0,0,18,3,1
77.0,0,17,2,1
89.6,0,14,0,1
55.0,0,0,4,1
92.0,0,14,4,1
57.5,0,17,1,1
156.8,0,21,0,1
134.4,1,16,0,15
90.4,0,21,4,1
143.0,0,20,6,1
121.0,0,22,2,1
92.0,0,17,0,1
218.5,0,19,0,1
275.0,0,19,2,1
80.5,0,19,0,2
198.0,0,21,3,2
115.0,0,14,4,1
15.0,0,10,1,2
46.0,0,10,4,1
138.0,0,13,2,1
89.6,0,21,0,1
70.0,0,12,4,1
286.0,0,20,6,1
35.0,0,15,2,2
115.5,0,10,3,4
34.5,0,18,4,1
140.0,0,17,5,2
184.0,0,22,1,1
66.0,0,19,2,1
67.2,0,14,3,2
132.0,0,22,4,1
154.0,0,18,2,1
220.0,0,15,3,1
154.0,0,23,5,1
201.25,0,22,0,2
201.25,0,0,1,1
154.0,0,21,0,1
138.0,0,22,0,1
156.8,0,18,3,1
49.5,0,12,1,1
275.0,0,22,4,2
77.0,0,0,4,1
352.0,0,20,4,3
150.0,0,15,3,1
672.0,1,18,2,3
78.4,0,16,1,1
90.4,0,11,3,4
27.5,0,19,3,1
92.0,0,17,4,1
88.0,0,13,2,3
40.85,0,11,5,1
44.42,0,14,5,4
34.5,0,15,2,1
99.0,0,20,5,2
78.4,0,14,3,1
69.0,0,14,4,2
448.0,1,22,5,2
20.0,0,22,2,1
224.0,0,12,0,1
117.6,1,17,5,5
154.0,0,17,4,2
198.0,0,16,4,2
168.0,0,0,2,1
69.0,0,22,3,1
14.0,0,17,6,2
168.0,0,17,5,2
336.0,0,20,4,2
132.0,0,9,2,1
46.0,0,18,4,1
70.0,0,9,3,1
80.5,0,1,1,1
156.8,0,18,0,1
23.0,0,21,0,1
220.0,1,13,5,4
57.5,0,21,0,3
78.4,0,12,0,3
250.0,1,16,6,20
134.4,1,16,0,15
66.0,0,16,6,3
89.6,0,12,2,3
46.69,0,22,2,1
78.4,0,18,4,1
143.0,0,22,5,1
78.4,0,11,3,1
154.0,0,19,0,1
70.0,0,8,4,1
363.0,0,18,3,1
231.0,0,9,2,1
73.07,0,15,3,1
99.0,0,14,4,1
10.0,0,11,4,1
89.6,0,23,4,2
180.0,1,17,5,5
302.4,0,0,3,1
515.2,0,14,2,1
220.0,0,17,3,1
30.0,0,13,3,1
33.0,0,14,2,1
39.07,0,20,1,1
132.0,0,19,4,1
10.0,0,21,2,1
115.0,0,22,3,1
25.0,0,20,1,1
143.0,0,18,5,1
132.25,0,11,1,1
40.0,0,22,4,1
132.0,0,20,4,1
319.0,0,14,4,1
123.2,0,16,5,1
172.5,0,21,4,1
115.0,0,11,2,1
104.5,0,0,4,2
15.0,0,12,0,1
143.0,0,9,0,5
66.0,0,23,0,1
69.0,0,21,2,1
46.0,0,23,2,1
46.0,0,8,4,1
66.0,0,9,2,1
20.0,0,19,5,1
190.4,1,16,4,20
26.5,0,18,5,3
172.5,0,0,3,2
198.0,0,19,4,1
156.8,0,11,3,1
154.0,0,12,0,1
103.5,0,1,4,1
154.0,0,12,1,3
135.0,0,17,4,1
66.0,0,16,5,1
16.5,0,21,6,1
99.0,0,18,3,1
16.5,0,13,1,1
154.0,0,13,0,1
440.0,1,2,5,2
154.0,0,18,4,1
44.0,0,13,2,2
46.0,0,18,2,1
43.7,0,12,2,1
34.5,0,14,2,3
15.0,0,11,1,1
43.0,0,15,5,2
88.0,0,9,4,2
143.0,0,16,5,1
92.0,0,16,0,2
55.0,1,16,4,3
138.0,0,16,2,1
440.0,0,10,5,1
5.0,0,13,1,2
190.4,0,18,4,1
439.6,0,22,4,1
77.0,0,15,5,2
93.15,0,10,3,1
112.0,0,16,0,1
154.0,0,19,1,1
121.0,0,18,4,2
34.5,0,12,0,3
110.0,0,1,5,2
484.0,0,9,5,1
207.0,0,18,2,1
154.0,0,23,3,1
89.6,0,21,2,1
15.0,0,13,1,1
67.2,0,10,3,1
154.0,0,22,3,2
345.0,0,15,5,1
145.6,0,22,3,1
49.5,0,9,3,1
154.0,0,12,0,2
247.5,0,17,4,1
20.0,0,17,1,1
104.5,0,9,1,1
77.0,0,10,4,3
336.0,0,8,1,1
44.8,0,13,0,1
115.0,0,18,3,1
143.0,0,17,4,1
172.75,0,22,0,1
34.5,0,13,3,1
154.0,0,20,4,1
53.0,0,21,4,1
55.0,0,14,6,2
72.0,0,23,0,1
31.59,0,12,3,1
145.6,0,13,0,1
16.5,0,22,3,1
134.4,0,13,0,2
132.25,0,18,0,2
154.0,0,13,2,5
78.4,0,11,5,2
190.4,0,13,3,5
20.0,0,18,1,1
132.0,1,17,4,3
66.0,0,17,4,1
96.0,0,17,4,1
44.8,0,20,0,1
66.0,0,14,4,1
33.0,0,18,3,1
123.2,1,16,5,9
134.4,0,2,3,1
69.0,0,21,2,1
99.0,0,13,4,1
112.0,0,13,4,3
123.3,0,17,4,1
440.0,0,11,2,1
138.0,0,13,2,1
132.0,0,21,4,1
104.5,0,19,1,1
276.0,0,22,1,1
10.0,0,11,4,1
132.0,0,22,3,1
55.0,0,20,4,1
308.0,0,21,1,1
92.0,0,11,3,2
352.0,0,14,0,1
462.0,0,13,6,1
172.5,1,9,3,5
187.0,0,9,2,1
209.0,0,23,3,3
25.0,0,21,5,2
55.0,0,18,4,2
880.0,1,9,4,3
126.5,1,9,4,8
121.0,0,18,2,1
115.0,0,12,4,1
10.0,0,10,4,1
115.0,0,14,1,2
78.4,0,20,0,1
20.0,0,15,3,1
92.0,0,21,1,1
16.5,0,0,3,3
121.0,0,21,2,2
184.0,0,15,6,1
187.0,0,11,5,1
231.0,0,10,3,2
67.2,0,21,3,2
99.0,0,19,2,3
99.0,0,19,3,1
123.3,0,20,1,1
34.5,0,20,6,1
154.0,0,11,3,1
69.0,0,11,5,1
245.0,0,14,6,1
274.38,0,16,5,2
176.0,0,18,3,1
209.0,0,16,1,1
88.0,0,8,4,1
230.0,0,20,1,1
5.0,0,9,5,2
89.6,0,22,6,2
121.0,0,12,4,1
198.0,0,23,2,1
15.0,0,14,2,1
34.5,0,16,3,1
134.4,0,11,2,2
134.4,0,11,0,1
231.0,0,0,4,1
352.0,0,13,5,1
103.5,0,17,5,3
78.4,0,12,0,1
132.0,0,18,2,1
172.5,1,23,2,8
143.0,0,23,2,1
46.0,0,15,4,2
110.0,0,22,3,1
104.5,0,13,2,1
172.5,0,15,4,1
209.0,0,10,0,1
168.0,0,21,6,1
46.0,0,18,4,1
78.4,0,10,3,2
77.0,0,17,2,1
154.0,0,17,1,1
105.0,0,16,4,1
154.0,0,18,4,1
123.3,0,22,1,1
143.0,0,23,3,1
20.0,0,16,5,2
23.0,0,23,3,2
33.0,0,17,5,1
112.0,1,23,6,10
440.0,0,18,0,2
154.0,0,12,4,1
77.0,0,19,4,1
121.0,0,12,3,1
99.0,0,12,4,1
690.0,1,21,4,1
198.0,1,18,3,2
10.0,0,11,4,1
99.0,0,14,3,2
132.0,0,17,3,1
286.0,0,15,4,2
69.0,0,21,0,3
246.4,0,23,3,1
120.75,0,14,3,3
49.43,0,13,2,1
308.0,0,11,2,2
99.0,0,18,3,1
120.0,0,16,2,1
34.5,0,22,3,1
62.1,0,14,3,1
69.0,0,17,3,1
207.0,0,15,3,1
115.0,0,22,2,2
10.0,0,13,5,1
110.0,1,13,5,20
50.75,0,16,5,2
46.0,0,21,3,1
28.0,0,16,6,2
46.0,0,14,4,1
134.4,0,10,1,2
403.2,0,1,5,1
104.5,0,16,2,1
104.5,0,0,3,1
140.0,0,19,5,1
57.5,0,14,3,1
143.0,1,19,5,1
23.0,0,22,4,1
44.8,0,1,2,3
69.0,0,12,2,1
30.45,1,22,1,5
70.0,0,10,3,1
44.8,0,14,0,2
78.4,0,14,0,1
23.0,0,0,2,2
46.0,0,11,6,2
46.0,1,14,3,4
143.0,0,0,5,1
10.0,0,10,4,1
82.5,1,11,3,5
15.0,0,11,5,1
110.0,0,10,2,1
264.0,0,20,1,1
46.0,0,21,2,6
50.0,0,20,4,1
154.0,0,21,3,2
110.0,0,15,0,6
132.0,0,20,4,1
57.5,1,15,4,3
99.0,0,23,4,3
23.35,0,12,6,1
33.0,0,23,5,1
121.0,0,10,3,1
672.0,1,11,3,3
100.8,0,18,6,2
60.89,0,14,1,1
72.0,0,22,5,2
310.32,0,17,0,4
46.0,0,16,3,1
143.0,0,19,2,1
89.6,0,9,4,1
246.6,0,16,4,2
72.0,0,20,1,1
59.99,0,15,4,1
62.1,0,7,4,1
55.0,0,15,5,2
88.0,0,20,3,2
275.0,0,3,2,3
30.0,0,12,6,1
103.5,0,13,4,1
138.0,0,15,4,1
60.89,0,18,3,2
132.25,0,23,0,1
89.6,0,10,3,1
55.0,0,9,1,1
123.3,0,13,2,1
134.4,0,18,0,1
35.0,0,15,4,2
110.0,0,10,2,1
88.0,0,21,4,1
55.0,0,12,3,1
55.27,0,19,6,3
100.48,0,23,0,2
80.5,0,9,2,1
46.0,1,14,4,3
23.0,0,7,3,1
104.5,0,16,0,1
143.0,0,12,4,1
161.0,0,22,2,1
190.4,0,13,3,5
73.34,0,11,3,1
143.0,0,9,4,1
10.0,0,9,4,1
132.0,0,22,6,1
77.0,0,16,6,1
75.6,0,18,0,1
83.0,0,13,2,1
132.0,0,23,2,1
88.0,0,14,3,1
23.0,0,16,1,1
198.0,0,17,4,2
154.0,0,14,1,2
36.66,0,14,1,3
940.8,0,13,5,1
55.0,0,16,2,1
57.5,0,20,3,2
132.0,0,15,3,1
39.07,1,16,1,8
77.0,0,11,0,2
15.0,0,11,5,1
100.8,0,14,3,1
99.0,0,21,3,1
88.0,0,16,4,1
187.0,0,0,4,1
132.0,0,23,3,1
78.4,0,19,3,1
145.6,0,2,4,1
137.5,0,19,3,1
99.0,0,16,3,1
253.0,0,17,3,1
33.0,0,23,5,1
10.0,0,17,1,1
154.0,0,11,4,1
48.07,0,11,4,2
418.0,1,15,5,3
154.0,0,15,4,1
69.0,0,17,3,2
154.0,0,19,0,1
40.85,0,19,6,1
154.0,0,15,0,1
69.0,0,23,2,1
36.66,1,19,4,6
138.0,0,21,4,1
156.3,0,19,0,6
10.0,0,20,2,1
23.0,0,22,4,1
201.6,0,13,4,1
77.0,0,20,3,2
34.5,0,19,5,1
630.0,0,11,0,1
280.0,0,21,3,3
112.0,0,12,0,2
302.4,0,12,0,1
537.6,0,19,4,1
104.5,0,18,6,1
72.8,0,20,0,2
77.0,0,22,1,1
230.0,0,13,1,2
201.25,0,18,0,1
88.0,0,13,5,3
78.4,0,13,0,1
104.5,0,10,0,1
77.0,0,17,6,1
35.53,0,14,4,1
70.0,0,9,1,1
176.0,0,1,5,1
34.5,0,20,6,1
112.0,0,21,6,1
86.0,0,17,1,1
20.0,0,22,2,1
1.0,0,20,2,2
36.66,1,11,4,4
286.0,0,16,6,1
77.0,0,22,6,1
145.6,0,17,6,2
57.5,1,11,4,4
77.0,0,16,0,2
57.5,1,15,2,4
89.6,0,18,1,1
92.0,0,7,4,1
207.0,0,16,2,1
154.0,0,13,4,1
27.0,0,16,2,2
16.5,0,4,1,2
55.0,0,13,4,1
168.0,0,15,4,1
165.0,0,19,2,1
145.6,0,22,0,1
95.2,0,21,3,1
46.0,0,12,3,1
70.0,0,22,3,2
220.0,0,20,4,1
154.0,0,12,2,1
33.0,0,13,1,1
69.0,0,21,6,1
72.0,0,16,1,1
165.0,0,13,0,1
336.0,0,18,4,1
195.5,0,23,2,1
92.0,0,11,1,1
220.0,0,23,4,1
154.0,0,15,4,1
154.0,0,17,6,1
154.0,0,19,3,1
35.53,0,15,5,2
25.0,0,12,5,1
112.0,0,22,5,2
138.0,0,21,6,3
297.0,0,23,4,1
78.4,0,13,0,1
134.4,0,14,3,2
15.0,0,12,6,1
57.5,0,17,4,2
77.0,0,17,3,2
20.0,0,8,4,2
46.0,0,17,3,1
90.4,0,15,0,3
154.0,0,19,1,2
46.69,0,18,2,1
143.0,0,0,2,1
23.0,0,22,3,1
110.0,0,21,0,1
70.0,0,12,4,1
132.0,0,19,0,1
92.0,0,16,6,1
297.0,0,20,3,2
352.0,0,11,6,1
27.0,0,21,4,1
84.0,0,9,1,1
154.0,0,23,3,1
16.5,0,2,5,1
156.8,0,13,1,2
55.0,1,16,0,12
187.0,0,12,4,1
145.6,0,14,3,2
43.51,0,20,6,1
104.5,0,11,4,1
145.6,0,20,5,1
396.75,0,22,0,1
16.5,0,17,5,1
78.4,0,12,0,1
88.0,0,13,5,4
44.8,0,13,0,1
209.0,1,18,1,2
49.5,0,21,2,1
201.6,0,17,3,2
115.0,0,21,6,1
23.0,0,19,0,2
89.6,0,22,4,1
275.0,0,14,5,1
110.0,0,21,1,2
89.6,0,14,3,1
88.0,0,23,5,1
148.5,0,21,6,2
246.6,0,17,3,1
89.6,0,12,0,1
161.0,0,10,2,1
99.0,1,17,4,5
10.0,0,1,3,1
25.37,0,19,4,1
20.0,0,11,1,1
124.2,0,22,2,1
24.0,0,21,4,2
168.0,0,11,4,2
33.0,0,13,5,1
110.0,0,18,0,1
110.0,0,0,0,1
275.0,0,8,1,1
264.0,0,18,6,1
268.9,0,15,3,1
275.0,0,21,1,2
100.8,0,13,5,2
89.6,0,15,0,1
78.4,0,14,4,1
46.0,0,20,3,1
220.0,0,20,0,1
93.37,0,19,4,1
121.0,0,18,4,1
143.0,0,15,1,1
308.0,0,17,1,1
268.8,0,20,5,1
78.4,0,14,0,1
201.25,0,21,0,1
179.2,0,13,0,1
143.0,0,20,2,1
121.0,0,15,3,1
110.0,0,17,4,1
104.5,0,17,3,1
115.0,0,18,5,2
99.0,0,20,3,1
89.6,0,17,1,1
20.0,0,20,5,1
220.0,0,19,0,1
23.0,0,14,3,1
231.0,0,19,0,1
195.5,0,14,4,1
27.91,1,11,3,2
99.0,0,18,4,2
103.5,0,15,2,1
89.6,0,12,2,1
62.1,0,22,0,2
62.1,0,13,2,1
46.0,0,16,4,1
40.0,0,12,1,1
17.51,0,20,5,2
67.2,0,22,6,1
20.0,0,14,4,1
46.0,0,17,4,2
78.4,0,22,6,6
123.3,0,18,4,2
30.53,0,14,1,2
69.0,0,11,1,1
78.4,0,14,0,4
84.0,0,19,3,1
16.5,0,23,3,1
275.0,0,19,5,1
34.5,0,12,1,2
88.0,0,20,4,1
110.0,0,22,3,1
110.0,0,1,4,1
96.42,0,14,5,4
515.2,0,17,2,1
110.0,0,8,4,1
132.0,1,15,4,5
77.0,0,16,4,2
99.0,0,13,3,2
33.0,0,21,3,2
77.0,0,19,5,1
89.6,0,19,0,1
154.0,0,19,0,6
46.0,0,17,4,6
10.0,0,18,1,1
89.6,0,17,0,1
78.4,0,15,0,1
138.0,0,21,3,1
23.0,0,22,3,1
10.0,0,22,6,1
220.0,0,18,0,1
276.0,0,16,2,1
186.3,0,20,6,1
143.0,0,19,5,1
77.0,0,22,6,1
184.0,0,3,4,1
69.0,0,13,3,1
250.0,1,16,6,20
67.2,0,17,0,1
330.0,0,19,6,1
16.5,0,11,5,2
110.0,0,22,1,6
70.0,0,16,5,1
92.0,0,21,3,1
46.69,0,7,4,1
104.5,0,16,0,1
172.5,0,9,2,2
82.5,1,11,3,4
28.0,0,10,5,2
25.37,0,10,5,1
92.0,0,15,3,1
10.0,0,14,5,1
16.5,0,20,5,1
20.0,0,13,4,1
165.0,0,16,4,3
20.0,0,8,4,1
154.0,0,8,2,1
95.2,1,17,5,5
69.0,0,16,5,1
34.5,0,17,5,1
23.0,0,19,4,1
126.5,0,19,4,1
630.0,0,13,1,1
46.0,0,15,4,3
88.0,0,12,3,2
143.0,0,0,1,1
123.3,0,20,4,1
224.0,0,17,1,1
103.5,0,14,2,1
57.5,0,20,4,1
70.0,0,17,5,1
10.0,0,12,2,2
93.15,0,10,3,1
15.0,0,20,5,1
224.0,0,23,4,1
20.0,0,18,5,2
16.5,0,20,4,1
190.4,0,21,4,1
36.54,0,0,4,2
69.0,0,21,1,1
161.0,0,20,6,1
44.8,0,19,0,1
154.0,0,22,1,1
110.0,1,12,5,4
132.25,1,23,0,1
69.0,0,16,4,2
291.2,0,18,2,1
106.0,0,18,5,2
110.0,0,23,3,1
99.0,0,10,4,1
156.8,0,12,3,1
88.0,0,18,4,1
154.0,0,21,2,1
184.0,0,20,0,2
20.0,0,18,3,1
29.7,0,19,4,1
100.8,0,20,5,2
154.0,0,21,1,2
104.5,0,13,0,1
123.2,0,17,5,2
53.0,0,23,5,2
102.6,0,15,0,1
69.0,0,14,4,1
138.0,0,19,3,1
154.0,0,15,3,1
5.0,0,15,1,1
69.0,0,18,3,2
30.0,0,16,5,1
154.0,0,15,0,1
49.5,0,23,2,1
18.34,0,20,4,4
308.0,0,13,4,1
253.0,0,23,1,1
145.6,0,22,3,1
99.0,0,20,4,1
220.0,0,19,0,1
77.0,0,17,4,1
46.0,0,18,5,1
66.0,0,17,5,1
418.0,0,4,4,3
15.0,0,16,5,1
313.6,0,20,4,1
231.0,0,21,1,1
25.0,0,10,0,1
20.0,0,10,1,1
172.0,0,1,2,1
253.0,1,23,1,5
143.0,0,21,1,1
112.0,0,16,4,4
